1,nesterovasvetlana,shashkovvalerjan@example.org,Default,2017-11-20
2,emmanuil_2006,seleznevrjurik@mephi.ru,Default,2020-09-30
3,osipovpankrat,fedot_1997@ok.ru,Default,2019-05-25
4,ogorbunova,bselezneva@example.net,Default,2020-09-02
5,rodionovavarvara,julian_1988@mephi.ru,Default,2016-09-08
6,fade_67,feofan_2016@example.com,Default,2016-01-15
7,veselovvseslav,sergeevnestor@mail.ru,Default,2020-02-05
8,mironovbronislav,semen2011@yandex.ru,Default,2020-01-23
9,taisija61,konstantin_2000@mephi.ru,Default,2019-09-03
10,antonina_1975,shcherbakovpantelemon@mephi.ru,Default,2018-06-18
11,kasjannosov,vissarion2003@list.ru,Default,2020-10-25
12,saveli_99,klavdi10@example.org,Default,2017-07-12
13,jnoskov,panfilafanasev@ok.ru,Default,2021-04-03
14,sila81,martin33@ok.ru,Default,2021-06-14
15,hristoforshchukin,nikandrignatov@list.ru,Default,2017-01-19
16,vladimirovspartak,oktjabrina61@bk.ru,Default,2018-10-20
17,kabanovboris,lukjan30@gmail.com,Default,2020-05-05
18,gleb_1983,mina40@example.org,Default,2021-01-24
19,sofon_19,nazar2016@bk.ru,Default,2018-12-16
20,feofan_07,provborisov@hotmail.com,Default,2019-03-28
21,qfomichev,iosiftrofimov@ok.ru,Default,2021-07-09
22,izotzaharov,hlarionov@example.com,Default,2016-10-08
23,safonovaraisa,oksana_2001@hotmail.com,Editor,2018-06-19
24,vasili_2016,anisim_55@hotmail.com,Default,2017-09-01
25,dorofeevvaleri,potapovkuprijan@example.net,Default,2020-10-14
26,ovchinnikovvelimir,sofon_1981@example.com,Default,2019-12-08
27,antonina43,evlampi_15@ok.ru,Default,2019-01-13
28,prohorovartem,strelkovaregina@bk.ru,Administrator,2017-07-14
29,agafonpahomov,andrevlasov@ok.ru,Default,2020-03-23
30,svjatoslav1985,kallistrat_1976@hotmail.com,Default,2016-11-23
31,vjudina,fortunatlapin@example.org,Default,2018-08-19
32,gavrilashestakov,foka_94@mephi.ru,Default,2020-10-05
33,krasilnikovapolina,emmanuillarionov@bk.ru,Default,2017-08-09
34,uljanrusakov,provkopilov@example.net,Default,2018-10-20
35,nikita_1988,kudrjavtsevharlampi@example.com,Default,2021-05-17
36,litkinairaida,voronovsofron@example.net,Default,2017-03-12
37,agafon1998,lukinjaropolk@list.ru,Default,2021-02-22
38,gushchinaevpraksija,onufrikrilov@bk.ru,Default,2020-05-16
39,semenovvladlen,marian98@gmail.com,Default,2017-08-31
40,koshelevkim,pavelisakov@hotmail.com,Default,2019-12-17
41,sokrat_1982,januari1985@mail.ru,Default,2019-12-04
42,terenti_1984,nekrasovosip@gmail.com,Editor,2018-10-31
43,hpanova,evstignemjasnikov@example.org,Default,2016-06-26
44,dobroslavnikolaev,vishnjakovvseslav@gmail.com,Default,2017-08-02
45,moise_2017,rogovradovan@hotmail.com,Default,2019-09-25
46,maksimiljanorlov,praskovja1985@hotmail.com,Default,2020-02-19
47,shashkovvaleri,zinaida_72@example.com,Default,2016-12-03
48,spartak_1978,longinstepanov@hotmail.com,Default,2018-10-15
49,anisim68,terentevonufri@hotmail.com,Default,2020-05-07
50,komissarovaalevtina,yknjazeva@yandex.ru,Default,2016-08-01
51,pkomissarova,budimir_61@example.com,Default,2018-06-24
52,qsitnikova,radovanvolkov@yandex.ru,Default,2019-08-02
53,komarovmihe,gostomisl04@hotmail.com,Default,2016-08-30
54,evgeni65,muhinstojan@example.com,Default,2021-09-03
55,zoja_18,antipgorshkov@ok.ru,Default,2016-01-01
56,modest_77,apollinari_1989@yandex.ru,Default,2017-01-17
57,nikodimershov,arseni1993@bk.ru,Default,2017-11-01
58,pavlovamarina,avtonomshchukin@mail.ru,Default,2018-06-04
59,silanti1996,tihonsergeev@example.net,Default,2020-07-22
60,timofe_1994,haritonribakov@example.com,Default,2018-03-31
61,harlampi_1984,visheslav25@hotmail.com,Default,2018-02-25
62,tsvetkovstojan,bolshakovaljubov@bk.ru,Moderator,2019-10-10
63,borisovnikanor,naum38@bk.ru,Default,2021-03-19
64,evlampi_1990,larisa1978@list.ru,Default,2019-08-21
65,radim_2014,luchezarkonstantinov@bk.ru,Administrator,2019-09-01
66,seleznevivan,mitofan1993@gmail.com,Default,2020-12-23
67,emeljan_1986,izotvoronov@yandex.ru,Default,2021-11-17
68,andron_51,beljaevamilitsa@mail.ru,Default,2020-04-08
69,iodintsov,wpoljakova@list.ru,Default,2016-11-09
70,melnikovanina,innokenti47@hotmail.com,Default,2016-05-16
71,epifangolubev,modest1998@hotmail.com,Moderator,2016-05-19
72,blinovleonti,jaroslav_74@example.net,Default,2021-03-12
73,miherusakov,osip62@mephi.ru,Default,2016-08-25
74,pankrat_1981,klimentzikov@yandex.ru,Default,2021-02-05
75,semen78,rusakovaolga@bk.ru,Default,2016-08-11
76,bikovjuvenali,artem29@hotmail.com,Default,2021-10-16
77,adam1984,milovan2003@list.ru,Default,2019-03-05
78,vseslav_38,matveevajulija@list.ru,Default,2019-01-17
79,pahomovfoka,lihachevdobromisl@hotmail.com,Default,2021-09-15
80,fomindemid,koshelevaagafja@mephi.ru,Default,2020-10-03
81,teterinladimir,akulina_31@example.net,Default,2020-12-12
82,anzhelika_85,elena2004@bk.ru,Default,2020-02-06
83,harlampivolkov,vladimirovustin@bk.ru,Default,2016-01-01
84,polina_2019,nekrasovvalentin@ok.ru,Default,2017-05-25
85,lfilippov,kononovazoja@hotmail.com,Default,2019-01-31
86,kasjankomissarov,pimen_2006@yandex.ru,Default,2017-06-16
87,stepanovizmail,vera86@yandex.ru,Default,2020-01-03
88,spartakshilov,kiselevmakar@example.org,Default,2019-03-02
89,artemevandre,antipeliseev@hotmail.com,Default,2019-07-10
90,rusakovvatslav,tverdislav_41@bk.ru,Default,2017-09-22
91,zosima1987,lukija1984@mail.ru,Default,2018-08-22
92,andre1970,praskovja46@mephi.ru,Default,2019-12-30
93,artemevprohor,igor75@ok.ru,Default,2016-12-22
94,valerija15,novikovazhanna@bk.ru,Default,2018-09-13
95,ignatovmiroslav,vinogradovaksenija@ok.ru,Moderator,2021-05-30
96,nmorozov,darja2018@example.com,Default,2019-05-20
97,arhipovafaina,fedorovtrifon@mephi.ru,Default,2017-06-07
98,ignatovkarl,popovafanasi@hotmail.com,Default,2019-01-30
99,dmitrievvalerjan,evseevnestor@example.org,Default,2021-09-12
100,hshcherbakova,savvati_1992@ok.ru,Default,2019-06-07
101,prokofi_2005,uljana_2007@hotmail.com,Default,2016-08-11
102,belovaanzhela,taras48@yandex.ru,Moderator,2019-10-07
103,ostap87,agapmatveev@example.org,Default,2018-04-28
104,danila29,leontitretjakov@yandex.ru,Default,2016-06-13
105,safonovaakulina,selivan1990@mail.ru,Default,2016-11-29
106,shubinizmail,alevtina_2016@example.org,Default,2016-10-04
107,sisoevaevgenija,kovalevlongin@gmail.com,Moderator,2018-07-30
108,sdavidova,egorovaleksandr@hotmail.com,Default,2020-02-20
109,molchanovspartak,nifont19@hotmail.com,Default,2019-12-23
110,smuraveva,evse_2017@example.com,Default,2020-01-09
111,nadezhda53,naum2010@bk.ru,Moderator,2020-08-02
112,nikiforovrostislav,onufri_2002@bk.ru,Default,2018-01-30
113,fekla_1986,leonid50@example.com,Default,2021-03-05
114,kondratbragin,ustinovizmail@example.org,Default,2019-01-07
115,iraida_11,glitkina@ok.ru,Default,2017-06-03
116,haritonlavrentev,nikitinirakli@hotmail.com,Default,2018-10-04
117,luchezar_2001,wgromova@mephi.ru,Default,2017-03-29
118,rjurik2012,lebedevorest@mail.ru,Default,2020-09-04
119,anastasija_02,fadeevkondrat@hotmail.com,Default,2019-12-30
120,ustinkalinin,hvasileva@yandex.ru,Default,2018-06-07
121,jakovlevmstislav,inesterova@hotmail.com,Default,2018-08-27
122,vladimirovmilen,galina_43@mail.ru,Moderator,2018-06-01
123,bvlasova,kalininilja@yandex.ru,Default,2016-03-30
124,sitnikovfedor,ratibor22@gmail.com,Editor,2020-07-07
125,vladilen28,mironovfedor@mephi.ru,Default,2018-04-01
126,ljudmila_81,hristofor2011@mail.ru,Default,2019-09-21
127,viktor_18,fedot_57@mail.ru,Default,2019-06-08
128,kbeljakova,mstislav_1972@mail.ru,Default,2020-03-02
129,sazonovpankrati,martjan_1974@ok.ru,Default,2019-09-08
130,antonin1974,ljubomir27@list.ru,Default,2019-12-05
131,rodionbeljakov,maksim40@bk.ru,Default,2021-06-22
132,radislav2020,nazar_1978@yandex.ru,Default,2016-03-23
133,evgenija_23,efimovsokrat@example.com,Default,2018-02-16
134,kasjan_1979,nikandr38@gmail.com,Default,2020-07-02
135,ukomarov,evstafi_35@example.com,Default,2020-02-06
136,jan84,aleksandrovafekla@bk.ru,Default,2017-03-26
137,tamara_89,borisovivan@mail.ru,Default,2016-11-19
138,filipp_2020,sofron2019@bk.ru,Default,2016-03-29
139,iosif_2005,raleksandrova@example.net,Default,2017-09-22
140,antonin_2020,egorshkova@example.com,Default,2018-02-15
141,nikitinluka,fmakarova@mail.ru,Default,2017-05-16
142,demjan_69,grigorevmitofan@mail.ru,Default,2018-12-12
143,demid_05,rsaveleva@gmail.com,Default,2019-06-09
144,zsmirnova,ufilippova@bk.ru,Default,2018-10-08
145,naumovamvrosi,rusakovaglafira@hotmail.com,Default,2019-12-08
146,rodion2012,komissarovtrofim@bk.ru,Default,2020-11-01
147,taisija_47,karl_90@yandex.ru,Default,2020-11-05
148,ostromir_1980,kulakovalarisa@mail.ru,Default,2017-03-13
149,evlampi99,valerija_1993@mephi.ru,Default,2018-04-05
150,emil82,arefi1996@hotmail.com,Default,2018-10-20
151,nikifor30,kuprijangrigorev@hotmail.com,Default,2018-11-24
152,aleksandr1996,arhipovavtonom@example.org,Default,2015-12-27
153,molchanovfedosi,ilinasvetlana@gmail.com,Default,2019-12-16
154,turovajulija,firs53@example.net,Default,2021-01-04
155,aleksefilatov,pbeljakov@example.org,Default,2018-06-26
156,julija_1982,komissarovsaveli@ok.ru,Moderator,2020-10-02
157,kornilshilov,maksimiljan_2009@mephi.ru,Default,2020-03-18
158,iraida_2006,visheslav_94@example.net,Default,2018-08-13
159,mihail12,evseisaev@ok.ru,Default,2017-02-15
160,frol1990,hseliverstov@mail.ru,Default,2021-10-21
161,shchukinnatan,iraklitihonov@hotmail.com,Default,2019-01-21
162,ljubosmisl1977,ilja_1973@yandex.ru,Default,2019-08-11
163,ipatnazarov,leonid_1986@yandex.ru,Default,2019-03-19
164,qsavelev,gleb1971@bk.ru,Default,2018-12-14
165,kostinevgeni,shcherbakovmilovan@ok.ru,Default,2019-11-10
166,silvestr_18,averki92@yandex.ru,Default,2019-03-23
167,birjukoverast,gedeon_2009@example.net,Default,2018-01-17
168,anna_85,wrjabova@gmail.com,Editor,2021-02-06
169,nikolaevazari,galaktion_08@yandex.ru,Default,2020-10-29
170,fevronija_2021,galkinbazhen@mephi.ru,Default,2021-08-03
171,makar_12,oktjabrina2018@gmail.com,Default,2017-09-15
172,martjan_2000,erofe17@bk.ru,Default,2017-12-23
173,jzuev,evstafi88@list.ru,Default,2017-09-22
174,maksim1974,zhukovamilitsa@mephi.ru,Default,2021-03-05
175,ljubomir1995,eremesokolov@mail.ru,Default,2021-08-01
176,filatovaklavdija,anike_85@ok.ru,Default,2018-06-01
177,bolshakovafevronija,xkoshelev@bk.ru,Default,2017-01-31
178,nikolamamontov,shashkovmoise@yandex.ru,Default,2021-10-04
179,vladislavkudrjavtsev,vinogradovgorde@example.com,Default,2020-05-03
180,ekudrjavtseva,zinaida1974@example.net,Default,2016-07-11
181,wefimov,beljaevzosima@yandex.ru,Default,2018-10-31
182,emil_26,vjacheslav1973@list.ru,Default,2020-02-18
183,vera_2013,valerigusev@list.ru,Default,2018-01-13
184,danila_1970,egorovmatve@list.ru,Default,2018-01-04
185,tsvetkovaanastasija,agafonfadeev@list.ru,Moderator,2017-02-16
186,noskovapraskovja,varvara_2008@mail.ru,Default,2020-06-23
187,mechislavdanilov,olga65@list.ru,Default,2020-02-26
188,leonid1974,modest_55@yandex.ru,Moderator,2020-10-15
189,knjazevamarina,kolesnikovavalerija@example.net,Default,2018-04-10
190,lukinlukjan,andreevevdokim@example.net,Default,2016-09-16
191,valentina_27,stepan_1972@example.com,Default,2020-08-12
192,belozerovaalla,evstafi02@example.com,Default,2018-09-05
193,evpraksija2013,rkulakova@mail.ru,Default,2017-09-12
194,fblohin,tihon1983@mephi.ru,Default,2016-01-31
195,ilarion13,gushchinafaina@example.com,Default,2020-03-20
196,natan_2003,petr32@list.ru,Default,2016-05-03
197,andre2001,terenti_1984@ok.ru,Default,2016-02-09
198,emmanuilkornilov,karl_1989@hotmail.com,Default,2018-10-07
199,sila_2005,elise2015@mephi.ru,Default,2019-03-15
200,natalja1973,lavr2012@gmail.com,Default,2021-09-10
201,askold2004,grigori1983@bk.ru,Default,2020-02-29
202,pimen_2009,veselovsvjatopolk@mephi.ru,Default,2016-05-18
203,fedot2020,militsa_1978@yandex.ru,Default,2021-08-08
204,filaret2000,nazar95@mail.ru,Default,2021-10-02
205,andre_70,gorbachevaverjan@gmail.com,Moderator,2019-03-11
206,kabanovfoka,stanimir_2012@mail.ru,Default,2020-08-09
207,petuhovgalaktion,anike_1990@example.com,Default,2021-07-23
208,julian2002,angelina_1976@list.ru,Default,2021-08-05
209,evgraf_58,stepan2002@example.org,Default,2020-04-01
210,sharovfilipp,dermakova@ok.ru,Default,2016-11-19
211,elizar_1989,burovmili@bk.ru,Default,2018-07-12
212,vseslav_2020,januarikoshelev@example.com,Default,2019-03-09
213,leonid_1998,klavdija85@example.net,Default,2016-04-13
214,panfilovmiroslav,tkalashnikov@gmail.com,Default,2018-08-20
215,rsolovev,valeri_23@gmail.com,Default,2021-01-15
216,androniknikiforov,mihalovaevpraksija@example.net,Default,2017-09-05
217,kondratevalarisa,stepan_2010@gmail.com,Default,2019-11-10
218,fedor_21,agafon_85@list.ru,Default,2018-12-24
219,zuevaoksana,ipat_2017@gmail.com,Default,2020-06-18
220,qkorolev,gordeevaemilija@ok.ru,Default,2019-04-14
221,nazarovpahom,tihon1975@ok.ru,Default,2018-03-08
222,ljubomir_1999,evseevpotap@mail.ru,Editor,2017-05-21
223,guljaevaemilija,leon03@gmail.com,Default,2021-05-16
224,natalja_2020,arhip80@example.net,Default,2018-03-08
225,eisakov,larionovaeleonora@example.com,Default,2018-02-24
226,mechislav_2005,savelevvladilen@mephi.ru,Default,2017-08-13
227,judinakira,mili_2012@gmail.com,Default,2017-05-30
228,eliseevradim,vasilevaagata@bk.ru,Default,2017-07-12
229,gurevemeljan,ladimir_2015@example.net,Moderator,2016-03-18
230,evfrosinija06,cignatev@mail.ru,Default,2019-01-19
231,bogdanovaalevtina,tit2007@example.com,Default,2021-03-09
232,regina_02,kulikovkuzma@example.com,Default,2019-07-08
233,danilovpankrat,iaksenova@example.net,Default,2018-07-24
234,nazar_2007,kapustinadam@example.org,Default,2017-11-23
235,xefremov,shilovruslan@example.com,Default,2018-09-17
236,lukjanchernov,lebedevnikanor@bk.ru,Default,2021-10-17
237,ekaterina21,prokofi47@gmail.com,Default,2019-09-01
238,ngolubev,efremeliseev@mail.ru,Default,2018-09-13
239,lora_58,savvati18@list.ru,Default,2016-02-24
240,kuznetsovaregina,trifon_98@example.net,Default,2018-12-26
241,alekse12,rjurik_2007@hotmail.com,Editor,2016-07-26
242,emuhin,filippovfedosi@yandex.ru,Default,2019-03-17
243,kondratevapolina,kudrjashovgennadi@hotmail.com,Default,2018-08-06
244,veselovvjacheslav,faleksandrova@mephi.ru,Default,2021-06-14
245,xkiselev,vkolesnikov@list.ru,Default,2020-12-09
246,mir1996,ostap17@hotmail.com,Default,2019-08-14
247,ekomissarova,koshelevatatjana@hotmail.com,Default,2019-07-06
248,blinovgerasim,kononovilarion@example.org,Default,2018-12-04
249,avksentititov,borisovlukjan@hotmail.com,Default,2015-12-23
250,ladislavzinovev,kornil1978@mephi.ru,Default,2018-09-24
251,komarovaangelina,psuvorov@example.net,Default,2020-05-29
252,haritonovamaja,grigorevaleksandr@hotmail.com,Default,2018-10-09
253,savvatigrigorev,silvestr_1972@yandex.ru,Moderator,2019-08-28
254,novikovtit,gennadi_74@list.ru,Default,2017-03-26
255,obelova,avde_2013@example.net,Editor,2016-02-01
256,stepanovstanislav,anikekalinin@hotmail.com,Moderator,2019-06-30
257,amvrosi_2007,prohorovasofija@ok.ru,Moderator,2019-09-21
258,kotovvjacheslav,stojan46@ok.ru,Default,2018-07-01
259,averjan_1980,tihon73@example.com,Default,2020-01-27
260,bazhenkabanov,gerasim1999@list.ru,Default,2016-05-30
261,andre48,tverdislavnovikov@ok.ru,Default,2016-05-13
262,kiselevaskold,oksana_2014@example.org,Default,2017-03-28
263,avde1986,dzhukov@list.ru,Default,2016-08-24
264,julian_2016,egorovaevgenija@gmail.com,Default,2021-07-18
265,zahar60,dobroslav_2002@list.ru,Administrator,2021-12-07
266,bogdanovairaida,anani_36@bk.ru,Moderator,2021-03-29
267,eliseevdemid,mina71@mephi.ru,Default,2019-06-21
268,hmihalov,lkonstantinov@mail.ru,Default,2018-05-16
269,efrempanov,firs47@bk.ru,Default,2016-02-19
270,bobrovafevronija,xkrjukova@example.com,Default,2017-10-22
271,kulikovaninel,ksenija_00@mephi.ru,Default,2017-07-11
272,avlasov,selivan2006@bk.ru,Default,2016-12-29
273,panfilribakov,efimgusev@yandex.ru,Default,2017-12-05
274,raisa34,savelevljubosmisl@hotmail.com,Default,2016-08-31
275,osip_93,vladimirovzahar@yandex.ru,Default,2017-01-21
276,mseliverstova,hvasileva@example.com,Default,2021-04-26
277,anna1980,mechislav2003@mail.ru,Default,2019-09-25
278,apollinari_48,mironovleon@hotmail.com,Default,2016-01-28
279,pzimin,kapitonvasilev@yandex.ru,Default,2018-10-29
280,visheslavseliverstov,emeljanovjakov@ok.ru,Default,2018-07-30
281,kononovflorentin,ckononova@mail.ru,Default,2021-03-21
282,belozerovaemilija,lavrentevilarion@example.org,Default,2016-11-07
283,semen_47,maksimovaanastasija@list.ru,Default,2017-04-14
284,ereme49,serafim23@mephi.ru,Default,2017-04-09
285,arefi64,ljubim11@yandex.ru,Default,2020-07-10
286,larisa_2016,antonin1999@example.org,Default,2017-06-13
287,elizar2003,sofron_23@yandex.ru,Moderator,2019-07-25
288,frolovagap,ereme2003@example.com,Default,2018-11-08
289,qosipova,antonina64@bk.ru,Default,2021-11-07
290,efim1974,zatsevaoksana@example.net,Default,2019-10-27
291,emeljanovanatalja,adam87@example.net,Default,2016-01-31
292,serafim_66,xbikov@mail.ru,Default,2016-04-06
293,efremovnifont,filipp_2014@example.com,Default,2017-12-14
294,aleksandra82,baranovsilanti@example.net,Default,2020-05-26
295,samson_1970,saveli1997@list.ru,Default,2018-04-22
296,nvorobev,lazargordeev@list.ru,Default,2021-06-29
297,szinoveva,vladlen1970@bk.ru,Default,2017-09-28
298,voronovaantonina,margarita_2011@yandex.ru,Default,2018-06-14
299,akulina1971,uzikova@list.ru,Default,2017-02-15
300,vladimirovharlampi,gerasimovpetr@example.net,Default,2016-06-13
301,stepan_1989,bogdan73@yandex.ru,Default,2020-07-13
302,gostomisl_1998,zaharovarseni@ok.ru,Default,2018-06-01
303,florentin_11,guri20@gmail.com,Default,2018-05-25
304,gostomisl2021,kulaginvikenti@bk.ru,Default,2018-01-21
305,konon_84,voronovaagata@mephi.ru,Moderator,2018-06-07
306,uvarovalarisa,silinvisheslav@list.ru,Default,2020-11-11
307,orestbelousov,lapinstepan@mephi.ru,Default,2018-04-07
308,ermil_1975,faina_1998@mephi.ru,Default,2018-06-12
309,agafon_55,fortunat_98@list.ru,Default,2017-01-27
310,leonid1976,varfolomekuznetsov@example.net,Default,2017-09-29
311,eliseevairaida,pankrati2014@example.com,Default,2019-12-17
312,zhuravlevviktorin,ipati2003@bk.ru,Default,2019-09-19
313,bkovalev,agafja_1988@gmail.com,Default,2017-08-29
314,tkomarova,sofon_2013@example.com,Default,2020-07-11
315,lmjasnikova,beljakovizjaslav@bk.ru,Default,2016-03-12
316,sofon_22,petr_1992@yandex.ru,Default,2017-08-12
317,ninel_1993,ershovafevronija@hotmail.com,Default,2017-01-12
318,baranovmaksim,mihail1984@bk.ru,Default,2021-06-09
319,gshilov,kozlovavtonom@ok.ru,Default,2021-07-26
320,haritonovatatjana,silinviktorin@hotmail.com,Default,2019-08-20
321,leon_1981,roman85@bk.ru,Default,2019-10-03
322,evgenija65,zahargurev@bk.ru,Default,2016-10-17
323,nesterovserge,orogov@example.org,Moderator,2016-06-28
324,grigorishubin,pankrat41@example.net,Moderator,2020-05-30
325,ruslan_2004,kondratmakarov@mail.ru,Moderator,2018-07-12
326,polikarp_79,shashkovboleslav@ok.ru,Default,2018-08-18
327,orlovkirill,strelkoviosif@gmail.com,Default,2018-08-25
328,inosov,raisa80@hotmail.com,Default,2020-01-12
329,osipovamilitsa,popovaljubov@ok.ru,Default,2021-11-08
330,sofron_2003,trofimpanov@yandex.ru,Default,2019-07-23
331,askoldkolobov,anike2016@yandex.ru,Default,2018-05-07
332,vladilensazonov,zikovdobromisl@bk.ru,Default,2020-06-05
333,svjatopolk_40,pantelemonsavin@gmail.com,Default,2018-03-14
334,silinajulija,hariton_2018@list.ru,Moderator,2016-02-21
335,olimpi_68,trofimmuhin@bk.ru,Default,2021-04-27
336,marina95,afinogen_32@hotmail.com,Default,2020-06-10
337,semenovdobromisl,alina_92@gmail.com,Default,2020-03-22
338,alina2020,bikovdorofe@ok.ru,Default,2018-06-10
339,mironbelozerov,zkoroleva@example.org,Default,2018-12-24
340,provtimofeev,lukinfedot@bk.ru,Default,2019-07-07
341,sokratignatov,silinjakub@example.com,Default,2016-09-29
342,ogrigorev,janfomichev@example.com,Default,2017-04-17
343,tarasovaolimpiada,bogdanovavalentina@mail.ru,Default,2017-02-27
344,maksimovserafim,ostap2015@mephi.ru,Default,2021-01-02
345,kalashnikovipat,artemevstanislav@gmail.com,Default,2018-01-11
346,voronovdementi,orehovkapiton@bk.ru,Default,2020-09-24
347,serafim_97,gedeon62@mail.ru,Default,2021-01-17
348,evlampi_44,terentevsvjatopolk@hotmail.com,Default,2021-10-19
349,kudrjavtsevanonna,vitali_10@ok.ru,Default,2019-05-20
350,novikovaolga,selivan76@yandex.ru,Default,2020-09-14
351,iosif_2003,filimon70@mail.ru,Default,2019-09-03
352,bblohin,orest01@hotmail.com,Default,2019-11-15
353,kondratevfade,izot_2012@mail.ru,Default,2016-03-08
354,guljaevfeoktist,mishinalora@hotmail.com,Default,2020-10-31
355,martinovferapont,sevastjan36@yandex.ru,Default,2017-11-12
356,svjatoslavterentev,david_54@mail.ru,Default,2017-02-18
357,lavrentevipat,vatslavzhdanov@example.com,Default,2018-05-04
358,ipat_1995,andre_2004@mail.ru,Default,2021-04-17
359,ratmir_2016,demeljanova@example.com,Default,2018-03-27
360,hermakov,jakovlevapelageja@example.com,Default,2018-04-27
361,foti1970,kudrjavtsevvladislav@mail.ru,Default,2020-08-20
362,wturov,bespalovanikita@example.net,Default,2021-01-14
363,antonina_2008,potap30@example.com,Default,2018-03-04
364,ermakovafevronija,isasharapov@list.ru,Default,2019-06-03
365,avtonom_74,tatjana1979@example.org,Default,2021-06-22
366,andre1979,savinafevronija@gmail.com,Default,2020-05-16
367,zoja20,natalja75@gmail.com,Default,2016-07-17
368,avdeevdorofe,longin2014@example.com,Default,2018-02-26
369,luka89,larisa2008@ok.ru,Default,2019-12-16
370,stanislav_1979,stepanovaviktorija@gmail.com,Default,2017-03-09
371,nazarovjulian,bogdanovanaina@hotmail.com,Default,2021-01-05
372,borisovavksenti,natalja63@ok.ru,Default,2017-04-04
373,ippolitsharov,mblohin@bk.ru,Default,2017-08-29
374,karlsamsonov,ipat2002@mail.ru,Default,2019-04-17
375,filipp_1974,pantelemon50@example.org,Default,2020-11-04
376,tvasileva,vatslav_1996@mephi.ru,Default,2018-08-24
377,belousovazinaida,hjudin@mail.ru,Default,2019-08-25
378,afanasevaverjan,silanti31@example.com,Default,2019-01-26
379,cheslavartemev,kapustinfeoktist@example.com,Default,2016-11-16
380,grigorevantonin,evseevazinaida@example.com,Moderator,2017-04-04
381,panovfilaret,varvara93@yandex.ru,Default,2020-06-05
382,ignati_2010,shubinapolina@example.net,Default,2021-09-17
383,anani_1974,anisimkonstantinov@gmail.com,Default,2018-04-15
384,grigoriuvarov,ksenija2006@example.net,Default,2021-02-16
385,beljakovruslan,seliverst_52@example.com,Default,2020-09-11
386,praskovja1995,qmironova@example.net,Default,2016-11-07
387,isa_64,martinovmilen@example.com,Editor,2020-04-27
388,stanimir2018,bojan1985@mail.ru,Default,2017-08-20
389,efim2010,naina2010@example.com,Default,2018-02-12
390,fokinajulija,lavrentihohlov@yandex.ru,Default,2017-06-25
391,terentevgalaktion,kondratsokolov@mephi.ru,Administrator,2021-05-07
392,titovairina,xavdeeva@mail.ru,Default,2016-12-28
393,pankratibragin,juri1974@gmail.com,Default,2018-05-31
394,orestgordeev,jakushevostromir@list.ru,Default,2019-11-22
395,kirillovapollon,kabanovavalentina@list.ru,Default,2016-05-27
396,galkinaninel,jakub_2019@yandex.ru,Default,2016-06-08
397,veselovvalentin,fandreev@mail.ru,Default,2017-11-07
398,mihailemeljanov,qivanov@list.ru,Default,2017-04-24
399,ipat57,gurevisa@list.ru,Default,2019-05-22
400,marina_1991,kostinavksenti@example.net,Default,2018-07-13
401,rostislav_30,gurevizjaslav@mail.ru,Default,2018-08-05
402,danila2003,ffedotov@mail.ru,Default,2016-04-16
403,parfenzikov,amos1977@example.com,Default,2020-09-23
404,grishinfade,ermilgordeev@example.net,Editor,2016-06-03
405,fignatov,raisa2021@example.org,Default,2018-09-12
406,zhdanovpimen,platon1982@list.ru,Default,2019-06-17
407,wsuhanov,elise_1999@mephi.ru,Default,2016-01-14
408,mark_2012,aristarh69@ok.ru,Default,2021-09-30
409,onosov,moiseevfeliks@mephi.ru,Default,2018-07-20
410,kuprijan_2015,koshelevplaton@example.net,Default,2016-03-30
411,sila33,knikitina@example.org,Default,2018-12-05
412,lobanovtrifon,sigizmund_1984@list.ru,Default,2017-01-10
413,tvorimir_2002,varvara_2000@mephi.ru,Default,2020-05-11
414,pankrat02,subbotinveniamin@yandex.ru,Default,2020-10-06
415,taisija1988,kabanovlev@example.com,Moderator,2020-01-23
416,irogova,valerimaksimov@example.com,Default,2016-04-14
417,fominaolga,blinovnestor@mephi.ru,Default,2019-07-17
418,solovevviktor,lgushchina@yandex.ru,Default,2021-06-07
419,sitnikovaevgenija,fevdokimov@hotmail.com,Default,2020-11-09
420,rjabovaoktjabrina,gerasim1990@list.ru,Default,2016-10-18
421,ignatevnazar,blinovamaja@hotmail.com,Default,2017-07-20
422,onufri1997,vorontsovanadezhda@mephi.ru,Default,2020-12-05
423,silaprohorov,azarieliseev@gmail.com,Default,2016-02-16
424,mstislav11,miheevprokofi@example.org,Default,2019-05-24
425,pelageja2005,tihonovavalerija@mephi.ru,Default,2016-02-21
426,egor_2003,haritonovaemilija@yandex.ru,Default,2018-12-02
427,ignatovkondrati,bogdan1994@mail.ru,Default,2016-04-25
428,timurkomissarov,romanovmatve@gmail.com,Default,2018-03-15
429,valerija_76,cheslavmelnikov@yandex.ru,Default,2018-10-12
430,vasilisa04,stepanovaksenija@example.com,Default,2019-07-15
431,kozlovaveronika,feofan_71@example.net,Default,2017-05-08
432,ershovalarisa,tnosov@example.net,Default,2017-02-02
433,gorbunovmiron,mjasnikovselivan@example.org,Default,2021-06-23
434,vsemil_2014,birjukovairaida@mephi.ru,Default,2018-10-15
435,ratibor_2019,varvara1986@hotmail.com,Default,2016-04-17
436,gerasimovizjaslav,davidovalora@bk.ru,Default,2020-09-12
437,savvatikudrjavtsev,artemevsigizmund@mephi.ru,Default,2020-04-26
438,konovalovdorofe,mishinmihail@mephi.ru,Default,2018-06-09
439,tefimov,pavlovratmir@mephi.ru,Default,2016-05-15
440,kuzminavalerija,ctimofeev@hotmail.com,Default,2017-02-01
441,muhingerasim,zhuravlevaelizaveta@list.ru,Default,2016-08-12
442,bogdanovamarija,borislav_10@gmail.com,Default,2019-04-04
443,kulakovignati,ivan_1976@bk.ru,Default,2018-10-22
444,margarita1971,ustin50@example.net,Default,2020-05-04
445,miheevaevdokija,beljaevaljubov@hotmail.com,Default,2016-05-16
446,mihalovaevfrosinija,lsubbotin@mephi.ru,Default,2020-08-01
447,ivanna75,panovamarija@ok.ru,Default,2018-07-14
448,porfiri_1997,kuzmaterentev@mail.ru,Default,2020-02-08
449,irakli_1970,maksim_2002@example.org,Default,2017-12-13
450,tatjana_53,sevastjan_1979@mail.ru,Default,2021-09-30
451,mihe_82,vjacheslav62@hotmail.com,Default,2021-03-09
452,sokolovvikenti,qbobrov@hotmail.com,Default,2020-01-08
453,abramovaanna,vorobevgremislav@example.org,Default,2020-06-16
454,dementevaolimpiada,grishinsvjatoslav@mephi.ru,Default,2020-10-05
455,wchernova,petrovaelizaveta@list.ru,Default,2017-04-24
456,petrovalarisa,kopilovspartak@example.org,Default,2016-07-08
457,venediktkudrjashov,dbaranova@yandex.ru,Default,2021-02-20
458,tverdislav_49,ratmir_1980@example.org,Default,2019-01-07
459,knjazevaevfrosinija,pahomovantonin@ok.ru,Default,2016-10-23
460,karpmuhin,vladimirovnikifor@yandex.ru,Default,2016-07-20
461,ninel_2010,moiseevgavrila@bk.ru,Default,2017-05-12
462,abramovaglafira,adam_29@bk.ru,Default,2018-04-14
463,saveli_2018,vladlen_68@gmail.com,Default,2016-07-31
464,bodintsova,afanasirogov@mephi.ru,Default,2019-01-28
465,evstignekornilov,rogovavtonom@mephi.ru,Default,2016-05-23
466,olegbolshakov,solovevsigizmund@yandex.ru,Default,2017-08-06
467,umartinova,samuil1998@example.org,Default,2020-10-23
468,trifon_75,zkotova@mail.ru,Default,2021-06-10
469,onufri_1999,dnikolaev@example.com,Editor,2020-02-11
470,borislav_60,valeri27@gmail.com,Default,2020-06-12
471,spiridon_2017,mishinaantonina@example.net,Default,2021-12-06
472,egorovferapont,ttsvetkova@example.org,Default,2016-12-07
473,tarasovdementi,gushchinantonin@yandex.ru,Default,2018-08-18
474,ustin01,artemi2000@hotmail.com,Editor,2016-12-28
475,agge09,frol65@bk.ru,Default,2016-01-02
476,pankrati2006,fomichevamargarita@ok.ru,Default,2016-09-28
477,lihachevalarisa,miroslav_46@hotmail.com,Default,2019-04-03
478,fmolchanov,nmarkov@example.com,Default,2016-07-13
479,vishnjakovvlas,vissarion2013@mail.ru,Default,2017-05-23
480,leon_2017,askold_1972@bk.ru,Default,2021-03-30
481,proklandreev,averki_2014@mail.ru,Default,2017-11-25
482,kalashnikovafaina,olimpi_79@bk.ru,Moderator,2017-03-12
483,zikovdemjan,german_1990@example.org,Default,2019-03-26
484,fedosi1980,agafonovprokl@gmail.com,Administrator,2018-08-03
485,ignatevjuri,evgenija_88@ok.ru,Moderator,2016-03-31
486,vissarion_97,kirmarkov@bk.ru,Default,2021-04-12
487,dementikalinin,djudina@yandex.ru,Default,2017-07-03
488,bolshakovvissarion,sergeevaagafja@example.com,Default,2016-02-06
489,krjukovantonin,msuvorova@example.com,Default,2020-10-24
490,mbikov,leonti_2021@example.net,Default,2018-06-11
491,korolevaivanna,titovfedosi@ok.ru,Default,2016-04-29
492,ktretjakova,sobolevporfiri@ok.ru,Moderator,2016-03-04
493,nikodim1977,avgustrogov@example.net,Default,2016-02-07
494,simon2018,mefodialeksandrov@ok.ru,Default,2021-06-05
495,mamontovtihon,alevtina_17@yandex.ru,Default,2017-07-17
496,nazarovanina,rodionmiheev@yandex.ru,Default,2020-10-04
497,valerija_26,moke2010@ok.ru,Editor,2016-06-22
498,gurevaija,loginovmartin@mail.ru,Default,2019-09-10
499,karl81,milovan_1997@mephi.ru,Default,2018-10-09
500,nifont1982,gordeevvlas@mephi.ru,Default,2019-06-12
501,gkomissarova,tsvetkovaljudmila@mephi.ru,Default,2017-11-04
502,oksana26,evdokija50@hotmail.com,Default,2016-02-18
503,makarovelizar,fedorovrodion@bk.ru,Default,2017-11-23
504,ljubosmisl2010,elise_1980@mail.ru,Default,2017-07-04
505,ilja2015,lavr2003@example.net,Editor,2021-10-31
506,gavrila_1989,vladimir49@ok.ru,Default,2019-03-24
507,ostap_2003,rjabovalora@bk.ru,Default,2019-09-19
508,uefremova,simonuvarov@mail.ru,Default,2019-12-31
509,pavlovgerman,fortunat_71@hotmail.com,Default,2018-08-06
510,moke2003,marfa1970@example.net,Default,2019-04-01
511,shcherbakovermola,martjan_16@example.net,Default,2017-08-10
512,merkushevaangelina,uljangerasimov@yandex.ru,Editor,2016-07-29
513,epifan_2020,trifonisaev@list.ru,Default,2020-10-29
514,vishnjakovfoka,lapindmitri@example.org,Default,2016-06-10
515,pelageja_88,dorofeevfilaret@bk.ru,Default,2020-04-21
516,isakovasofija,seleznevaviktorija@gmail.com,Editor,2019-05-26
517,nikonovazinaida,martin_31@example.com,Default,2020-12-09
518,lapinboris,drozdovandron@hotmail.com,Editor,2018-10-08
519,zinovi1972,akulina_1972@bk.ru,Default,2016-02-23
520,apollinaribelousov,serafimmolchanov@example.org,Default,2019-04-06
521,viktor_59,knjazevvikenti@yandex.ru,Editor,2021-08-19
522,igor2020,belousovavksenti@yandex.ru,Moderator,2017-08-19
523,rjurik_09,januariodintsov@mail.ru,Default,2016-05-21
524,nikolachernov,uljanershov@list.ru,Default,2017-02-28
525,apollinari85,kirillsisoev@yandex.ru,Default,2017-01-11
526,suhanovirakli,akulina_1974@yandex.ru,Default,2021-02-04
527,fadeevkondrat,jsorokin@mephi.ru,Default,2017-04-20
528,denisfomin,zhdanovamarija@ok.ru,Default,2021-09-08
529,miheevalidija,isaevvladlen@hotmail.com,Default,2016-12-17
530,viktorija1970,tvinogradov@gmail.com,Default,2019-05-07
531,gorde1998,isidoraksenov@ok.ru,Default,2017-04-28
532,ruslan2017,erememerkushev@example.com,Default,2018-02-01
533,seliverst_19,ukabanov@mail.ru,Default,2016-08-25
534,jan_82,blinovaivanna@yandex.ru,Default,2020-06-22
535,orlovaanastasija,kornil_41@list.ru,Moderator,2020-08-07
536,leonchernov,shilovsofron@gmail.com,Default,2021-02-09
537,komissarovsevastjan,danila_2019@example.net,Default,2020-12-01
538,kira2012,naina1994@example.net,Default,2020-03-12
539,savvaribakov,vinogradovjaroslav@hotmail.com,Default,2020-09-12
540,grigorevmir,anzhelika_75@ok.ru,Default,2019-10-17
541,nestor07,larionovaagafja@example.com,Default,2016-12-11
542,kshestakova,viktorteterin@mail.ru,Default,2021-07-04
543,jakub18,bgolubev@list.ru,Moderator,2020-01-24
544,vdjachkova,georgi1996@bk.ru,Default,2020-01-18
545,shirjaevmechislav,udjachkova@hotmail.com,Default,2017-05-15
546,andreevazari,ilinljubim@ok.ru,Default,2018-03-16
547,nikitinalarisa,nikandr_1987@hotmail.com,Default,2020-05-13
548,sidor2008,bkosheleva@bk.ru,Default,2021-08-29
549,vasili_1974,raisa_08@mail.ru,Default,2020-01-01
550,rlazareva,konovalovafevronija@hotmail.com,Editor,2020-12-18
551,muhinaanzhelika,skotova@bk.ru,Default,2020-11-30
552,izmail_1994,dobroslavmjasnikov@mephi.ru,Default,2018-06-30
553,lihachevazhanna,larisa_1975@gmail.com,Default,2019-12-28
554,ermakovermil,anisimovfilaret@ok.ru,Moderator,2019-07-29
555,varlaam2000,azari1985@example.com,Default,2021-05-08
556,epifan42,svjatoslav1993@gmail.com,Default,2016-01-30
557,peliseev,mnosov@example.net,Editor,2017-05-17
558,maslovaeleonora,milan_39@mephi.ru,Default,2020-08-24
559,askold_21,dvorobeva@example.org,Default,2018-05-15
560,mariandrozdov,potapovtimofe@example.net,Default,2016-01-28
561,lukjan_57,leonidkarpov@gmail.com,Default,2019-06-17
562,tihonovkirill,tretjakovzosima@example.net,Moderator,2015-12-25
563,ippolit_2002,sharapovavalentina@example.com,Moderator,2018-04-11
564,marianpahomov,melnikovevlampi@example.net,Default,2018-11-18
565,uljan_74,ignati_53@example.net,Default,2020-11-01
566,popovvladimir,lazarevalarisa@example.com,Default,2020-06-17
567,sinklitikija08,emmanuil_58@bk.ru,Default,2019-05-16
568,yvishnjakov,eliseevigor@hotmail.com,Default,2017-07-19
569,kosheleverofe,uvarovrodion@hotmail.com,Default,2016-09-08
570,andronik_1996,jakov1974@bk.ru,Default,2018-11-25
571,orlovplaton,bolshakovzinovi@bk.ru,Default,2020-08-29
572,komissarovsofron,rubenmoiseev@example.net,Default,2016-06-24
573,shirjaevaagata,guljaevsolomon@bk.ru,Default,2019-12-19
574,terentevklavdi,adam_2015@example.net,Default,2019-05-20
575,tkotova,gerasimovpimen@ok.ru,Moderator,2016-09-24
576,denis54,ljudmila1979@mail.ru,Default,2019-09-12
577,evgenija_2010,jakub_1976@example.com,Default,2016-09-27
578,hristofor_94,angelina_00@mail.ru,Moderator,2021-12-04
579,visheslav14,ferapont67@hotmail.com,Default,2021-09-09
580,gorde20,silantimatveev@yandex.ru,Default,2019-06-10
581,pahom_1972,nrozhkov@mephi.ru,Default,2021-02-14
582,savelevprokl,moketihonov@bk.ru,Default,2017-10-24
583,kallistrat_1971,raisa96@list.ru,Default,2019-04-28
584,makar_95,vjacheslav_2020@example.org,Default,2017-09-30
585,taras_09,suhanovaanna@example.org,Default,2018-07-19
586,demjan_1975,hbespalova@gmail.com,Default,2017-12-31
587,nestor1978,ljubosmisl35@gmail.com,Default,2020-09-13
588,ponomarevaaleksandra,orest95@example.com,Moderator,2019-12-10
589,solovevkondrat,adam_1984@example.com,Moderator,2018-10-31
590,podintsova,ljudmila2006@list.ru,Default,2018-07-12
591,anzhela_98,makar_43@mail.ru,Default,2021-10-22
592,nikiformorozov,evgenija2001@hotmail.com,Default,2021-11-24
593,kozlovmodest,varlaam1983@mail.ru,Default,2017-04-06
594,hariton_85,beljaevaelizaveta@example.org,Editor,2015-12-20
595,muhinerast,boleslav73@yandex.ru,Default,2021-06-15
596,evlampi_63,ilja_49@example.org,Default,2020-06-21
597,milennikitin,borislav_64@bk.ru,Default,2018-04-16
598,gavrilovjuli,harlampi_98@example.org,Default,2018-12-31
599,kapiton20,smishina@hotmail.com,Default,2017-02-25
600,bogdanovaekaterina,shchukinhristofor@example.net,Default,2017-01-03
601,fbogdanova,uvarovalukija@hotmail.com,Default,2021-01-11
602,kostingerman,isakovsimon@example.org,Default,2020-12-01
603,cheslav1980,izot10@example.org,Default,2020-11-21
604,emilija_28,arhip_90@hotmail.com,Default,2020-06-02
605,silvestr_1988,lazarseleznev@mephi.ru,Default,2017-08-15
606,bazhenmelnikov,evdokimmolchanov@mail.ru,Editor,2016-02-09
607,ynesterova,borisovnikandr@list.ru,Default,2020-10-21
608,pankrat_04,ratibordoronin@bk.ru,Default,2017-02-08
609,loginovpantelemon,ippolit2014@mail.ru,Default,2017-08-31
610,fedot_2002,gerasimovmilen@yandex.ru,Default,2016-10-27
611,oodintsov,nsuvorov@bk.ru,Default,2021-11-08
612,kasjan90,korolevgerman@mail.ru,Default,2019-06-17
613,ipat24,eduard1993@bk.ru,Default,2020-08-06
614,bevdokimova,anatolikoshelev@bk.ru,Default,2020-04-23
615,jbelova,belousovaivanna@example.org,Default,2018-06-14
616,feoktistmatveev,martinovanani@example.org,Default,2018-02-26
617,avgust1977,kasjan_60@yandex.ru,Default,2020-07-22
618,solomonshcherbakov,longin79@hotmail.com,Default,2019-11-30
619,martjanuvarov,nikodim_07@yandex.ru,Default,2020-07-06
620,seleznevmilan,zosima1977@ok.ru,Default,2018-01-14
621,natan_21,maslovmoise@bk.ru,Default,2018-09-12
622,nifont_2006,petrovauljana@gmail.com,Default,2017-02-20
623,rogovaanna,rodion1973@mail.ru,Default,2020-12-17
624,dmitrievdementi,efremovgerasim@mephi.ru,Moderator,2017-12-30
625,leonti85,adrian94@list.ru,Default,2018-11-16
626,rjuriknikolaev,radovan92@example.org,Default,2016-09-15
627,lebedevspartak,tihon1992@list.ru,Default,2018-11-14
628,aleksandra1974,marina1995@list.ru,Default,2017-12-27
629,spartakkrasilnikov,makar1993@list.ru,Default,2017-07-13
630,efim_22,tsvetkovsigizmund@yandex.ru,Default,2018-10-18
631,kgrishin,akulina_70@example.com,Default,2017-11-30
632,vasilevavarvara,ribakovaljudmila@mephi.ru,Default,2018-08-02
633,nazarovaolimpiada,gorde_2000@ok.ru,Default,2020-02-25
634,zhukovavera,birjukovmstislav@hotmail.com,Default,2018-01-27
635,yjakovlev,ubaranov@hotmail.com,Default,2020-11-25
636,potap_1991,kulaginasofija@example.com,Default,2021-01-05
637,ladislav_93,trofimovboleslav@list.ru,Default,2017-02-07
638,klavdi_2000,sbelousova@bk.ru,Default,2016-05-07
639,mishintaras,vinogradovvlas@mail.ru,Default,2015-12-30
640,evse_1997,varvara_44@mail.ru,Default,2020-02-16
641,savvati_73,evgraf_1978@yandex.ru,Default,2019-04-13
642,antonin_1989,anisimkozlov@hotmail.com,Default,2019-10-04
643,komarovdavid,vladilen1987@mail.ru,Default,2021-07-28
644,petrovavalerija,fevronija2000@mephi.ru,Default,2019-07-16
645,kirillovselivan,oleg_1973@example.org,Default,2021-10-09
646,uvarovvasili,eprohorov@yandex.ru,Default,2018-12-27
647,osip2017,gorshkovamarija@gmail.com,Default,2016-09-28
648,suvorovvjacheslav,komarovajulija@mail.ru,Default,2019-02-10
649,arseni2014,lobanovstanislav@mephi.ru,Default,2016-11-12
650,bronislav63,bfilippova@mail.ru,Default,2018-04-28
651,elizaveta_64,radimkarpov@gmail.com,Default,2018-07-15
652,nikiforovajulija,darja_2010@example.net,Default,2021-10-19
653,solovevaviktorija,ermola42@ok.ru,Default,2021-06-22
654,marija2001,vsevolod1975@yandex.ru,Default,2020-09-07
655,nikola80,strelkovzinovi@example.net,Default,2018-08-18
656,vladlen_29,kovalevaalevtina@example.net,Default,2016-05-24
657,panfilovsilanti,kondratevanikita@example.org,Default,2019-05-08
658,ilarion_2014,silinklavdi@example.org,Default,2016-10-16
659,platon2015,valerjan_41@ok.ru,Moderator,2021-04-26
660,ustinovmilan,jakov_07@list.ru,Default,2017-06-17
661,anna_2013,kopilovpantelemon@example.com,Default,2017-09-15
662,noskovaljudmila,lazar10@gmail.com,Moderator,2018-07-16
663,visheslavromanov,lobanovaninel@hotmail.com,Moderator,2016-02-07
664,filatovaivanna,jaropolk1987@ok.ru,Default,2016-09-29
665,qnekrasov,spartakteterin@list.ru,Default,2018-12-14
666,frol_1989,mfomin@hotmail.com,Default,2017-02-06
667,pahom1975,vjacheslav_09@example.com,Default,2018-10-06
668,averjankonovalov,ihohlov@example.net,Default,2016-01-12
669,demid1978,demidbobilev@hotmail.com,Editor,2019-10-26
670,ilinkarl,konon_1978@yandex.ru,Default,2017-08-15
671,vasili_2013,gorbunovkuprijan@example.net,Default,2020-03-25
672,apollinari_34,bogdanbelousov@gmail.com,Default,2020-05-30
673,savelevarhip,muravevfrol@hotmail.com,Default,2019-09-06
674,konovalovkazimir,onufri_1995@ok.ru,Default,2021-09-23
675,kotovernest,potap04@mail.ru,Default,2017-09-25
676,kira_59,vasili_88@hotmail.com,Default,2017-04-16
677,svjatoslav82,ermolavishnjakov@hotmail.com,Moderator,2016-08-07
678,pankratshashkov,davidovtaras@example.org,Default,2019-09-07
679,filatovanatoli,panovlongin@bk.ru,Moderator,2021-04-19
680,guri_2000,simonovaverjan@gmail.com,Default,2016-11-09
681,aksenovaskold,jakub2009@bk.ru,Default,2016-05-14
682,valerjan2002,foti_67@hotmail.com,Default,2018-05-05
683,maksimiljanzimin,knjazevvaleri@ok.ru,Default,2019-05-01
684,rodion_1991,rdjachkov@mail.ru,Default,2017-10-21
685,dementevcheslav,ponomarevratmir@ok.ru,Default,2017-11-15
686,rodion1992,aristarh_16@hotmail.com,Default,2020-10-04
687,savvatisilin,kovalevelizar@ok.ru,Default,2021-03-19
688,vsemil_46,ninel2008@mephi.ru,Default,2018-08-11
689,kabanovaevdokija,leon2003@bk.ru,Moderator,2018-09-15
690,litkinaanastasija,foka_1971@mephi.ru,Default,2017-01-20
691,viktorija1975,fominakira@ok.ru,Default,2018-07-12
692,klavdija_1998,grishinemil@ok.ru,Default,2021-03-22
693,tihon_2001,dzimin@list.ru,Default,2018-09-08
694,anikita_56,asharapov@hotmail.com,Default,2019-12-30
695,valerija_55,vladimirovavalentina@mail.ru,Default,2021-04-03
696,georgi_46,sofon06@bk.ru,Default,2016-06-05
697,faina_1982,kondrati58@example.com,Default,2019-07-26
698,demid74,mamontovostap@hotmail.com,Default,2020-07-21
699,fedot_2014,zseliverstov@gmail.com,Moderator,2017-01-30
700,seliverstovaolga,iilina@example.net,Default,2016-07-05
701,konstantin_73,ermola_57@list.ru,Default,2021-07-25
702,ovchinnikovpotap,beljaevfoti@example.net,Default,2018-07-03
703,marfa20,lihachevaljudmila@example.net,Default,2016-06-17
704,vladimirovanina,nikolaevaeleonora@yandex.ru,Default,2020-09-23
705,spiridonmakarov,lazarevivan@list.ru,Default,2016-01-20
706,knikitin,solomon_1999@bk.ru,Moderator,2020-11-19
707,borislavignatov,marksilin@example.com,Default,2017-01-29
708,ostap_1980,luka19@mail.ru,Default,2017-11-17
709,pantelemon_1993,potapovaevgenija@example.net,Default,2016-03-24
710,arhip_93,muhinkliment@example.com,Default,2016-06-09
711,qterentev,maksimiljan2011@hotmail.com,Default,2018-11-05
712,bkalashnikova,kuzminmefodi@gmail.com,Default,2017-10-07
713,danila81,artem_1991@example.org,Default,2018-02-14
714,loginovaraisa,neliseeva@list.ru,Default,2016-10-05
715,pavel_1985,petuhovsofron@ok.ru,Default,2019-07-15
716,fedorovvissarion,ladimir2009@example.net,Default,2018-03-20
717,martin_1984,ivanna1974@example.org,Default,2016-05-30
718,polikarp_2011,julija1992@ok.ru,Default,2019-08-15
719,moiseevalekse,vlas34@mephi.ru,Default,2018-04-07
720,kornil1996,agap2018@hotmail.com,Default,2020-01-08
721,leonid2005,ladimir62@hotmail.com,Default,2017-02-17
722,braginizmail,evstigne_47@list.ru,Default,2020-10-09
723,kimzinovev,kolesnikovanatalja@mephi.ru,Default,2019-03-16
724,rantonov,lobanovavalentina@gmail.com,Default,2020-07-05
725,nikon10,dorofe_2016@mail.ru,Default,2019-04-17
726,tverdislav49,margarita_1994@bk.ru,Default,2016-02-08
727,vlasovfedot,denisovsidor@ok.ru,Default,2018-08-18
728,aristarh_2002,nikitinavasilisa@example.net,Default,2018-09-03
729,sdenisov,evseevasinklitikija@mail.ru,Default,2019-02-01
730,mironlihachev,svjatoslav10@example.com,Default,2021-11-05
731,fedotovapraskovja,ershovselivan@ok.ru,Moderator,2016-09-30
732,egorovafinogen,turovjanuari@yandex.ru,Default,2019-05-06
733,gusevizmail,doroninaksenija@mail.ru,Default,2016-06-16
734,alekse_1983,amos_1970@gmail.com,Default,2016-09-25
735,levnikolaev,avdeevmoke@ok.ru,Default,2016-08-31
736,mariankorolev,foma50@yandex.ru,Default,2016-12-31
737,semenovviktorin,avde_1988@example.net,Default,2020-04-21
738,innokenti_1992,vladlen15@bk.ru,Default,2016-09-29
739,ernest_2004,stepan92@mail.ru,Default,2018-01-17
740,marian2004,konovalovkonon@list.ru,Default,2019-10-22
741,panfil_1977,gerasim_1995@bk.ru,Default,2016-11-21
742,nikanor_64,kondratevavera@gmail.com,Default,2020-07-24
743,karl_1990,seleznevanatalja@example.com,Default,2017-07-08
744,ignatevnatan,ostap75@hotmail.com,Default,2020-10-15
745,lkrjukova,uvarovvladlen@hotmail.com,Default,2019-01-04
746,florentin86,kudrjavtsevaalla@yandex.ru,Default,2019-05-19
747,gmaksimova,vsemil1971@bk.ru,Default,2020-02-06
748,srogova,dobroslav_65@mephi.ru,Default,2019-12-27
749,vladislav1991,rjurik_38@yandex.ru,Default,2018-11-30
750,nadezhda_2006,karpovvelimir@gmail.com,Default,2020-01-06
751,titovsamson,orlovtit@list.ru,Default,2019-04-22
752,efimovsigizmund,medvedevaviktorija@mephi.ru,Default,2016-04-25
753,jbespalov,krjukovataisija@example.org,Default,2016-07-17
754,averki1988,kliment2008@example.com,Default,2016-01-06
755,foka_2020,lihachevatatjana@hotmail.com,Default,2016-06-23
756,anatoli_16,ilja_2018@hotmail.com,Default,2017-01-22
757,krasilnikovaoksana,gremislavantonov@example.com,Default,2018-02-17
758,ratmir_28,evgenija47@bk.ru,Default,2017-07-08
759,mir_01,poljakovaklavdija@yandex.ru,Default,2021-07-10
760,ilja_12,ponomarevboleslav@mephi.ru,Default,2020-12-13
761,turovkondrat,filippovaemilija@yandex.ru,Default,2018-09-14
762,vasili_58,gushchingremislav@hotmail.com,Default,2018-09-30
763,dobromisl_40,ksenija96@example.org,Default,2018-11-17
764,vishnjakovaaleksandra,hershova@hotmail.com,Default,2021-05-11
765,lazar_54,vlasovaleksandr@mail.ru,Default,2016-02-08
766,qsemenov,muravevtvorimir@mail.ru,Default,2017-06-19
767,tihonovaagata,denisovatatjana@example.org,Default,2019-06-01
768,feliks1997,januari1984@example.com,Default,2020-11-26
769,vasili_2000,ipati_26@hotmail.com,Default,2016-02-03
770,erofesharov,kir1984@hotmail.com,Default,2018-02-13
771,svetlana_1986,valerija1999@example.com,Default,2016-10-21
772,leon1981,pestovisidor@hotmail.com,Editor,2019-07-29
773,zinovevzahar,nikon_78@yandex.ru,Default,2020-10-24
774,ija2004,hpotapova@ok.ru,Default,2021-03-06
775,eleonora_2007,demid_1974@example.org,Moderator,2019-11-18
776,averjankapustin,gorde1983@mephi.ru,Default,2019-10-21
777,selivan1974,vjacheslav_58@mephi.ru,Default,2018-04-27
778,iorehov,gusevaanzhela@yandex.ru,Default,2021-06-20
779,ernest_52,krilovtit@gmail.com,Default,2019-11-22
780,gorshkovljubim,spiridon_88@example.com,Default,2020-03-03
781,nikiforovmiroslav,orlovfade@example.net,Default,2020-11-29
782,litkinajulija,vladlen_08@list.ru,Default,2020-11-24
783,lobanovvikenti,adam_2019@bk.ru,Default,2019-11-04
784,gremislav_11,harlampi45@bk.ru,Default,2019-05-18
785,davidovavde,davidovjaroslav@bk.ru,Moderator,2018-08-24
786,vlasnekrasov,mina_1982@mephi.ru,Editor,2021-11-05
787,artem1995,cfilippov@example.net,Default,2017-11-10
788,ferapont2000,modest_1999@mephi.ru,Default,2018-03-26
789,jakushevdorofe,guriandreev@mail.ru,Default,2017-11-16
790,sazonovmstislav,lavrbirjukov@hotmail.com,Editor,2021-11-29
791,askold1986,maksim_56@mephi.ru,Default,2020-02-01
792,faina1972,kudrjavtsevatamara@example.net,Default,2021-10-25
793,demidvladimirov,vseslav_1998@example.net,Moderator,2019-01-16
794,guri_2012,vitali_09@mephi.ru,Default,2018-08-09
795,georgitretjakov,wkulikova@gmail.com,Default,2020-02-17
796,feliks84,xzhdanov@example.net,Default,2017-01-09
797,zaharfedoseev,sofrondementev@yandex.ru,Default,2017-01-19
798,gorde_51,prohorovanadezhda@hotmail.com,Default,2021-09-07
799,radislav_2001,evfrosinija_03@mephi.ru,Default,2019-06-07
800,vitali34,sergelavrentev@bk.ru,Default,2020-04-04
801,terentevserge,pahomlukin@example.org,Default,2018-10-11
802,popovaregina,sharapovalora@ok.ru,Default,2019-02-02
803,tit2016,demidlebedev@hotmail.com,Default,2021-09-14
804,bobilevajulija,ladislav63@hotmail.com,Default,2020-08-26
805,grigorevfilimon,rjabovamarija@yandex.ru,Default,2021-05-11
806,artemi_92,nsergeeva@mail.ru,Default,2016-05-12
807,mefodikuznetsov,vladimirovadarja@bk.ru,Default,2020-01-28
808,spartak_65,kalininaevgenija@yandex.ru,Administrator,2020-07-21
809,moiseevljubosmisl,elizaveta_2016@yandex.ru,Default,2018-04-03
810,fominajulija,abramovartemi@bk.ru,Default,2016-02-10
811,morozovflorentin,stanislav_16@hotmail.com,Default,2018-11-10
812,grishinflorentin,ipat_2005@list.ru,Default,2021-01-23
813,german28,vishnjakovcheslav@bk.ru,Default,2016-07-19
814,eleonora_2016,anike10@example.net,Default,2020-04-11
815,borislav_75,luka_1997@hotmail.com,Default,2019-08-24
816,fortunat31,panfilovleon@yandex.ru,Default,2019-12-18
817,igor49,naum_77@example.com,Default,2021-05-12
818,aksenovaninel,kopilovaagata@list.ru,Default,2021-07-04
819,feofanzaharov,mili2019@example.org,Default,2018-10-16
820,radovan_1984,sisoevtvorimir@mephi.ru,Default,2021-02-27
821,kalininvsevolod,burovaagata@mephi.ru,Default,2019-06-03
822,erast08,fzimina@mephi.ru,Default,2020-08-26
823,vinogradovgerasim,ninel_1977@example.org,Moderator,2016-02-16
824,kuznetsovipati,evfrosinija58@example.org,Default,2018-02-24
825,ponomarevstepan,uljan_2007@gmail.com,Default,2017-09-29
826,filipp_99,oodintsov@example.org,Default,2021-01-02
827,elizarkrasilnikov,arhip56@example.com,Default,2018-09-07
828,martin_85,psokolova@bk.ru,Default,2020-12-19
829,zarhipova,georgi_75@bk.ru,Default,2016-01-25
830,ignatovluchezar,rozhkovafevronija@mephi.ru,Default,2020-01-04
831,markovamargarita,valerjan1993@mephi.ru,Default,2016-10-23
832,larionoviosif,milibirjukov@yandex.ru,Default,2016-08-30
833,taras_1996,komissarovazoja@example.net,Default,2017-07-29
834,gurevseliverst,prohorovamargarita@example.org,Default,2020-09-24
835,solovevljubosmisl,popovaolga@hotmail.com,Default,2017-01-23
836,efrem_02,florentinnaumov@ok.ru,Default,2019-04-10
837,rmuhina,prohor_1984@example.org,Default,2019-05-27
838,vlas14,florentin_2013@mail.ru,Default,2020-03-11
839,onufri1980,feoktistrusakov@hotmail.com,Moderator,2016-05-06
840,feofan2004,vera_2008@list.ru,Default,2015-12-16
841,vatslav_26,kolesnikovkuprijan@yandex.ru,Default,2017-03-30
842,lkalinin,anzhelika_2002@ok.ru,Default,2017-08-09
843,rrozhkov,nikon1990@ok.ru,Default,2020-03-04
844,vseslav21,uljana_2021@example.com,Default,2018-07-17
845,rodionmerkushev,vadim58@list.ru,Default,2018-12-23
846,evseevvlas,rodion_02@hotmail.com,Default,2020-01-10
847,afanasi_87,shcherbakovtrifon@bk.ru,Default,2019-05-13
848,mjasnikovosip,filaret_80@bk.ru,Default,2017-12-13
849,suvorovanatalja,ljubim_1991@example.com,Default,2021-02-19
850,vishnjakovafaina,ernst_32@mail.ru,Default,2016-11-30
851,juvenaligorbunov,ruben_1977@example.org,Moderator,2016-03-23
852,panfilovnarkis,antonin10@list.ru,Default,2017-07-04
853,sigizmund1985,vissarion81@ok.ru,Default,2020-07-20
854,avksenti23,kira_2004@example.net,Default,2018-11-08
855,timofeevlavrenti,lihachevkim@hotmail.com,Default,2020-03-08
856,braginakira,mir_1982@example.com,Default,2016-05-29
857,vlasovnestor,lev16@bk.ru,Default,2019-06-25
858,lukinernst,uljan24@list.ru,Default,2016-05-26
859,serge13,klavdija73@mail.ru,Default,2019-01-30
860,kir41,vatslav1980@example.org,Default,2018-07-24
861,bikovlukjan,orestzimin@mail.ru,Default,2018-11-09
862,egorovkirill,kim_1972@ok.ru,Default,2020-06-07
863,kershova,aleksandra_10@ok.ru,Default,2017-11-19
864,frolovgerman,rodionovavgust@bk.ru,Default,2021-11-14
865,valentina21,beljaevlukjan@example.net,Default,2017-12-31
866,shashkovaekaterina,rjurik_91@ok.ru,Default,2020-12-13
867,nershova,shchukinmoke@example.com,Default,2016-02-13
868,solovevadam,ignatevafevronija@mephi.ru,Default,2019-07-26
869,filaret_82,savintimur@list.ru,Default,2021-04-25
870,sofron_78,timofeevfeofan@mail.ru,Default,2016-12-25
871,bazhen_40,zodintsov@example.com,Default,2019-05-08
872,kliment26,narkismatveev@bk.ru,Default,2017-09-11
873,jakushevaverki,savelevaverjan@yandex.ru,Default,2021-01-07
874,ignati_1985,trofim_2000@mephi.ru,Default,2020-12-01
875,semenovalidija,wnikolaeva@example.org,Default,2018-03-23
876,ydanilova,abramovajulija@example.net,Default,2020-05-11
877,braginazinaida,jfrolov@bk.ru,Default,2020-03-19
878,korolevafaina,paramon64@example.com,Default,2020-06-09
879,litkinavalerija,nikiforovsaveli@example.net,Default,2020-05-02
880,serge2017,ivan_72@example.net,Editor,2019-08-04
881,praskovja_76,velimir25@hotmail.com,Editor,2017-10-27
882,zikovanatalja,svjatoslav77@ok.ru,Default,2020-09-13
883,lazar2019,fedor_06@example.net,Default,2020-08-14
884,varlaam_1999,angelina_1990@example.com,Moderator,2020-08-11
885,dmarkova,minakrasilnikov@example.com,Default,2016-03-31
886,suvorovatamara,pantelemonkostin@yandex.ru,Default,2020-10-17
887,seleznevafekla,stanislav59@example.org,Default,2019-12-16
888,qkuzmin,gromovavasilisa@list.ru,Default,2016-09-13
889,eshchukina,makar02@mail.ru,Default,2018-06-16
890,ershovkonon,rjabovnikanor@example.com,Default,2020-02-14
891,kasjan2017,anna10@example.com,Default,2018-03-13
892,nikonovipati,zaharovselivan@example.com,Default,2019-09-16
893,oshashkova,adriankiselev@example.net,Default,2021-07-08
894,milen1987,safonovevdokim@example.com,Moderator,2017-08-05
895,poljakovhristofor,jmaksimova@example.com,Editor,2021-01-11
896,fortunatignatov,hpotapov@mail.ru,Default,2020-12-31
897,guri38,cnekrasova@ok.ru,Default,2020-12-26
898,nhohlov,milen_1998@bk.ru,Default,2016-06-30
899,etsvetkova,marian28@hotmail.com,Default,2017-03-08
900,imamontov,ninel70@hotmail.com,Default,2018-12-16
901,artem_09,popovljubomir@bk.ru,Default,2017-02-14
902,shirjaevpankrat,pdorofeeva@example.net,Default,2018-12-07
903,levaksenov,luchezar2019@ok.ru,Default,2020-02-09
904,izmail1977,ustinterentev@example.org,Default,2018-02-19
905,ermakovaolimpiada,hristoforkabanov@example.org,Default,2018-11-30
906,lobanovanonna,gnovikova@example.com,Default,2018-11-24
907,onufri_1991,askold_16@mail.ru,Default,2016-05-21
908,kazimirmuhin,cheslav46@example.org,Default,2020-04-27
909,nikita_1983,jakushevjulian@gmail.com,Default,2021-11-01
910,gnesterova,guri_82@gmail.com,Default,2021-12-12
911,jakovlevkim,anisim1985@list.ru,Default,2020-10-14
912,zatsevdemid,gerasim2006@example.org,Default,2018-08-29
913,ignatevaregina,qkabanov@example.org,Default,2018-08-22
914,feofan_43,saveli1985@example.net,Default,2019-12-21
915,fadeevaivanna,tarasovatatjana@ok.ru,Editor,2016-11-02
916,lobanoviosif,foti1997@example.net,Default,2020-06-09
917,potapsazonov,anzhela_2011@example.net,Default,2021-05-25
918,ykostina,orehovaljudmila@list.ru,Default,2021-07-21
919,bagafonova,safonovafevronija@yandex.ru,Default,2020-04-30
920,semen_2015,nosovaagata@example.com,Moderator,2018-10-12
921,osipsergeev,kasjan_2014@example.com,Default,2019-12-07
922,fedosi05,yaksenov@mephi.ru,Moderator,2016-10-09
923,paramonlobanov,ratibor2020@hotmail.com,Default,2018-05-25
924,zahar_2000,izjaslav_75@list.ru,Default,2018-08-16
925,ljubomir_97,boleslavteterin@example.com,Default,2019-08-10
926,polikarp1971,amvrosi_56@example.net,Default,2016-10-20
927,vatslav_2007,porehova@hotmail.com,Default,2019-10-20
928,platon26,varlaam49@ok.ru,Default,2019-01-26
929,feoktistseliverstov,fkrjukova@gmail.com,Default,2020-12-29
930,hnazarova,novikovfrol@list.ru,Default,2021-05-10
931,aksenovnikodim,fkrilova@mephi.ru,Default,2017-05-01
932,ilinsvjatopolk,osip1973@bk.ru,Default,2020-01-02
933,julianmjasnikov,lihachevuljan@yandex.ru,Default,2016-12-20
934,pavlovsilvestr,antoninsavelev@yandex.ru,Default,2018-03-24
935,muhindementi,kabanovapraskovja@example.com,Default,2021-09-13
936,zkudrjavtsev,averki_52@example.org,Default,2018-10-03
937,rsuvorova,varvara2021@example.com,Moderator,2019-04-22
938,alitkin,msimonov@mail.ru,Default,2016-05-23
939,vkudrjavtseva,doroninpetr@hotmail.com,Default,2017-09-04
940,mina_87,zsilin@list.ru,Administrator,2020-04-28
941,olimpievdokimov,zinaida2007@example.com,Default,2018-05-08
942,foka79,feoktist08@bk.ru,Default,2020-04-13
943,muravevaivanna,tihon1971@example.net,Default,2019-07-05
944,nonna2017,prokl_34@example.org,Default,2021-07-21
945,radim_45,orest_2009@list.ru,Default,2016-12-06
946,izotkomissarov,vladimirovaverki@example.com,Editor,2021-03-16
947,osipovboleslav,vatslavbelousov@list.ru,Default,2017-12-03
948,grigori_1978,zahar_49@example.com,Default,2021-01-13
949,artemkalashnikov,isidor31@example.com,Default,2016-09-09
950,ipati77,elizaveta_46@mail.ru,Default,2018-03-05
951,nazarovostromir,ustin2013@example.org,Default,2016-10-07
952,moiseevprokl,bobrovaagata@mephi.ru,Default,2018-12-19
953,naum2019,hohlovpotap@gmail.com,Default,2021-05-01
954,doroninanaina,tterenteva@example.com,Default,2017-04-07
955,lshubin,gerasim20@list.ru,Default,2017-05-24
956,janmartinov,valentina37@example.net,Default,2018-01-05
957,agap2007,galina28@ok.ru,Default,2017-03-23
958,kalininakim,sofon_1984@gmail.com,Default,2021-05-29
959,korolevaviktorija,anzhela_17@example.net,Default,2017-08-11
960,trofimkrilov,alekseevelizar@list.ru,Default,2019-12-07
961,tsvetkovjuli,kir1986@mephi.ru,Default,2017-09-18
962,flihacheva,erast2013@example.org,Default,2020-10-02
963,olga_1972,tefremov@mephi.ru,Default,2017-03-18
964,fotinoskov,aodintsov@hotmail.com,Default,2017-12-06
965,bolshakovaelizaveta,gerasimgrishin@example.net,Moderator,2018-04-14
966,ratmir90,komarovbojan@list.ru,Default,2016-01-11
967,valerjan_25,rubenzimin@mephi.ru,Default,2021-05-25
968,milisokolov,avtonom84@list.ru,Default,2018-02-11
969,florentin_1998,shestakovaskold@hotmail.com,Default,2020-07-03
970,melnikovermola,lukija2020@hotmail.com,Default,2016-01-13
971,ostap_94,agap97@list.ru,Default,2016-05-26
972,vissarion_2009,varfolomelarionov@example.net,Default,2018-08-26
973,suhanovegor,ostromir_2001@example.org,Default,2020-09-15
974,strelkovradovan,maslovkir@mail.ru,Default,2017-11-03
975,bromanov,isa_44@mephi.ru,Default,2021-06-18
976,arhip_84,fedor_1974@hotmail.com,Default,2021-02-15
977,kalashnikovporfiri,lavrentishirjaev@mail.ru,Moderator,2021-11-08
978,uvarovaljudmila,vlas1971@mail.ru,Default,2021-08-05
979,gushchintverdislav,gusevaverjan@hotmail.com,Default,2019-09-14
980,ygrishina,porfiripoljakov@mail.ru,Default,2017-09-12
981,pankrati1976,gennadi88@mephi.ru,Default,2016-03-31
982,fedotovadarja,kkulikov@yandex.ru,Default,2016-05-30
983,filatovamaja,svjatoslav1970@bk.ru,Default,2019-04-13
984,aristarh1989,sribakov@list.ru,Default,2017-09-13
985,evdokimbespalov,makarovnestor@yandex.ru,Default,2016-01-12
986,ladimir_2004,potap_1971@list.ru,Default,2016-05-27
987,mgalkin,mir_61@mail.ru,Default,2021-07-25
988,grishinignati,potapgusev@list.ru,Default,2019-03-23
989,popovernst,sobolevasinklitikija@example.net,Default,2020-01-29
990,izjaslavdenisov,lukija2010@gmail.com,Moderator,2019-12-06
991,fadeivanov,kondratevaalevtina@example.org,Default,2019-04-22
992,nzinovev,egor_35@mephi.ru,Default,2017-07-01
993,uljana19,porfirilitkin@example.net,Default,2019-01-30
994,ggromov,lazarandreev@mephi.ru,Default,2021-11-20
995,stanimir_1978,nikita_2017@example.net,Default,2018-07-20
996,ipopov,ksenija2017@example.net,Default,2017-10-16
997,sevastjan_56,vribakov@example.org,Default,2018-11-06
998,dselezneva,anisim1992@gmail.com,Default,2019-05-16
999,david1979,avdeblohin@example.com,Default,2016-07-31
1000,danilovtvorimir,ignatinekrasov@mail.ru,Default,2019-03-20
