company_id,amount,site,representative_id,foundation_date,description,name
1,30,https://ruvds.com,215,2015-07-27,"Международный облачный провайдер RUVDS предлагает в аренду виртуальные серверы, или VPS/VDS. Вам не придется покупать и хранить железо, а также обслуживать и следить за доступностью сервера. Мы делаем это за вас в режиме 24/7. Арендовать серверные мощности и отказаться от них можно в один клик в любое удобное время.


В 2016 году мы начинали с собственного ЦОДа в подмосковном Королеве и сотрудничества с компанией Huawei, ведущим производителем облачных решений. Сегодня у нас одиннадцать дата-центров: три в Москве, по одному в Питере, Казани, Екатеринбурге, Лондоне, Новосибирске, Цюрихе, Франкфурте и Амстердаме. Распределенная сеть снижает риски клиентов и позволяет арендовать мощности, которые не слишком удалены от офиса или места работы: меньше расстояние — выше скорость.


Наша цель — сделать доступными облачные услуги высокого качества. И кажется, мы хорошо справляемся: среди клиентов — крупный бизнес («ФИНАМ», ВЦИОМ, Gett), независимые ИТ-профессионалы и госкомпании, которым предлагаем наш собственный ЦОД в городе Королеве, сертифицированный ФСТЭК.


Всего за два года нам удалось войти в топ-20 российских поставщиков IAAS-услуг (Infrastructure as a Service — инфраструктура как услуга). Но мы не останавливаемся на достигнутом.

Сейчас команда RUVDS активно работает над проектом раздачи интернета из субкосмоса, развивает форум «Облачные технологии» и полезный блог для программистов, а в свободное время проводит турниры по легендарным видеоиграм 90-х GAME OVERNIGHT, делает вкусные хабрабургеры и даже варит пиво для айтишников.",RUVDS.com
2,1000,https://selectel.ru/,547,2007-09-11,"Selectel — ведущий провайдер облачной инфраструктуры и услуг дата-центров.


Компания занимает лидирующие позиции на рынке выделенных серверов и приватных облаков, управляет одной из наиболее быстрорастущих облачных платформ и входит в топ-3 крупнейших операторов дата-центров в России. Провайдер владеет собственной сетью из шести высокотехнологичных дата-центров в Москве, Санкт-Петербурге и Ленинградской области, которые соответствуют стандартам Tier III и PCI DSS.


Каталог продуктов Selectel — один из самых диверсифицированных на рынке. В нем сочетаются разные уровни IT-инфраструктуры:

Приватное облако и выделенные серверы


Selectel – крупнейший российский игрок на рынке bare-metal, предоставляющий широкую линейку серверов. Около 50 готовых конфигураций — от бюджетных серверов за 499 рублей в месяц до более сложных серверных сборок.

Облачная платформа Selectel


Возможность для бизнеса быстро развертывать облачную инфраструктуру, масштабируемую под задачи различных проектов — от сайтов до сложных распределенных приложений.

Аренда стоек


Размещение оборудования клиентов, аренда стоек с поддержкой 24/7 и возможностью удаленного подключения к оборудованию.

Прочие сервисы для комплексного решения задач клиента


Сетевые услуги, администрирование, консалтинг, защита IT-инфраструктуры в соответствии с требованиями 152-ФЗ.


Selectel предлагает комплексные решения для всех типов бизнеса — от индивидуальных предпринимателей до крупных международных корпораций, помогает клиентам уделять больше внимания своим проектам. Продукты компании позволяют бизнесу отказаться от капитальных затрат на собственную IT-инфраструктуру, обеспечить ее масштабируемость и высокую производительность.


Selectel на рынке с 2008 года, у компании более 20 000 клиентов. В 2020 году Selectel стал самым быстрорастущим провайдером IaaS по версии Russian Data Center Awards. Рост выручки компании в прошлом году составил 43 %. 


На сегодняшний день в Selectel работает более 500 сотрудников. Подробнее на сайте: selectel.ru 

Мы в соцсетях:


VK: vk.com/selectel

FB: facebook.com/selectel

Telegram: t.me/SelectelNews

Подписаться на рассылку Selectel",Selectel
3,500,https://cloud.timeweb.com/,451,2006-05-25,"Timeweb Cloud — облачный сервис, сочетающий масс-маркет и Enterprise подходы.


Предоставляем услуги VDS, аренду выделенных серверов, защиту от DDoS, облачные сервисы (балансировщик нагрузки, облачные базы данных). Наши серверы размещаются в России и Европе в дата-центрах уровня TIER III; мы используем самое современное оборудование и высокоскоростные линии связи. Помогаем клиентам с переносом и настройкой проектов, собираем индивидуальные, нестандартные конфигурации и оказываем услуги администрирования. 


Мы работаем на рынке хостинга уже 15 лет и умеем найти решение для любого проекта: от маленького блога до сложного технологичного продукта.

Подключайтесь к Timeweb Cloud и узнайте преимущества:

Домены, SSL-сертификаты, лицензии ПО – заказывайте все в одном интерфейсе.
Гарантируем высокий аптайм наших сервисов.
Следим за доступностью сервисов и мгновенно реагируем на проблемы
Резервируем все основные узлы для полной сохранности данных
Отвечаем в течение 1 минуты по телефону и в чате, в течение 15 минут в тикете.
Предоставляем качественный сервис, благодаря многолетнему опыту работы.

Мы в социальных сетях:
Telegram
YouTube
Instagram
VK",Timeweb Cloud
4,10000,http://www.yandex.ru/,829,1997-09-23,"Яндекс — технологическая компания. В основе наших сервисов лежат сложные, уникальные, трудно воспроизводимые технологии. Именно они позволяют нам делать то, что еще некоторое время назад люди приняли бы за волшебство.",Яндекс
5,50,http://habr.com/,827,2006-05-26,"Хабр любят тебя, %username%.",Хабр
6,50,https://itsoft.ru,100,1999-05-01,"Веб-студия ITSOFT входит в ТОП-100 различных рейтингов. В сфере разработки сайтов для фарм-компаний является одним из ведущих разработчиков. 

Дата-центр ITSOFT предоставляет услуги размещения и аренды серверов и стоек в ЦОД Тушино и в полностью сертифицированном Tier III ЦОД Nord-4. За последние годы UPTIME 100%.

Майнинг-отель предлагает размещение асиков и GPU-ферм в Москве.


В компании работает выделенный отдел поддержки, который обеспечит качественную работу сайтов и серверов.",ITSOFT
14,5000,https://jet.su,403,1991-01-01,"Мы – компания «Инфосистемы Джет» – появились в 1991 году. Все этапы становления российского ИТ-рынка – от начального, когда ИТ считались своеобразным «украшением», до настоящего времени, когда успех и развитие компании во многом определяются уровнем ИТ, используемых в производственных процессах, в управлении компанией и ее бизнесом – «Джет» прошел вместе со своими клиентами. Нам доверяют ЦБ РФ, ВТБ, ВТБ24, ЮниКредит Банк, РОСНО, «Росгосстрах», «Газпром», «Лукойл», ТНК-BP, МТС, «ВымпелКом», «Казахтелеком», Группа компаний Danone-Юнимилк, Корпорация «Иркут», «М.Видео», «Лоялти Партнерс Восток» (МАЛИНА) и другие компании – лидеры отраслевых рынков.


Свой путь мы начинали с создания ИТ-инфраструктур корпоративного уровня. Сейчас мы – интегратор широкого профиля с богатым портфелем решений и услуг: программные разработки и бизнес-решения, ИТ- и телекоммуникационная инфраструктура, информационная безопасность, ИТ-аутсорсинг и техподдержка, управление комплексными проектами и т.д. Мы знаем специфику бизнеса наших заказчиков и предлагаем учитывающие ее решения.",Инфосистемы Джет
7,200,https://flant.ru/,889,2008-05-13,"Компания «Флант» — специалисты по Kubernetes и DevOps. На рынке — с 2008 года. Сопровождаем production (и связанные окружения) любых масштабов в режиме 24×7 и под ключ, с помощью постоянной команды квалифицированных инженеров.


Внедряем отточенные многолетней практикой DevOps-процессы, помогаем разработчикам правильно и эффективно использовать контейнеры, K8s и другие технологии для реализации CI/CD и связанных задач, бизнесу — достигать своих целей. Обслуживаем 2000+ приложений в production. Ориентируемся на долгосрочное сотрудничество.


«Флант» — это:

 Первая в России услуга Managed Kubernetes без зависимости от провайдера.
 Первая Kubernetes-платформа, полностью созданная в России, — Deckhouse.
 Первый в России сертифицированный поставщик услуг по Kubernetes (статус KCSP в CNCF).
 Десятки инженеров, сертифицированных как Certified Kubernetes Administrators (CKA).
 Авторы werf, shell-operator и множества других Open Source-проектов, а также контрибьюторы в Kubernetes и связанную cloud native-экосистему.


P.S. Регулярно выступаем на конференциях — записи докладов см. в YouTube.",Флант
8,10000,https://mvideoeldorado.ru,843,1993-03-03,"Группа «М.Видео-Эльдорадо» – крупнейший продавец бытовой техники и электроники в России, входит в ТОП-10 в мире!

За 28 лет работы мы прошли путь от небольшого магазина в Москве до лидера в своём секторе и самого крупного публичного онлайн-ритейлера в России.

Сегодня у нас больше 1000 магазинов «М.Видео» и «Эльдорадо» по всей стране, сеть цифровых салонов m_mobile, а также маркетплейс Goods. 

Мы знаем всё о новых технологиях и внедряем инновации, меняя российский рынок. Например, у нас есть собственный Data Science Centre, который помогает нам планировать логистические операции, маркетинговые кампании и делать персональные предложения клиентам. Ещё у нас есть блокчейн в расчётах с поставщиками, биометрия и дополненная реальность в рознице. Мы строим ONE RETAIL – абсолютно бесшовный формат, объединяющий лучшее в онлайн и офлайн.",М.Видео-Эльдорадо
9,10000,https://vk.com/vkteam,224,1998-10-15,"Строим сервисы, используя силу социальных сетей. 

Помогаем людям и компаниям объединяться вокруг того, что действительно важно.",VK
10,30,http://www.ontico.ru/,234,2008-01-01,"Команда «Онтико» создаёт пространства для обмена опытом между профессионалами — мы проводим лучшие в России (и одни из лучших в мире) профессиональные конференции для IT-разработчиков.—HighLoad++ (3000 участников, 40 экспонентов, 16 параллельных треков), TeamLead Conf, DevOps Сonf, PHP Russia, и много других.


Нашей главной ценностью является выдающийся опыт участников наших конференций — разработчиков, тимлидов, техлидов, технических директоров, собственников ИТ-компаний — всех тех, кто сегодня делает цифровую экономику.


Мы достигаем это через предоставление новейшего актуального контента, высочайшего качества организации, огромного количества разнообразных активностей на конференции, чтобы каждый участник наших событий получил знания в соответствии с индивидуальным запросом и заряд энергии для получения максимальной пользы и создания собственных результатов.",Конференции Олега Бунина (Онтико)
11,500,https://www.tutu.ru/,702,2003-09-05,"Tutu.ru (Туту.ру) — сервис путешествий №1 в России (данные кросс-медийной панели GfK Rus, дек. 2018), где можно купить билеты на поезда, самолеты и автобусы, посмотреть расписание пригородных поездов, найти туристические путевки, забронировать отели и экскурсии. Туту.ру работает с середины 2003 года и насчитывает ежедневную аудиторию посетителей сайта в 800−850 тысяч человек. По данным SimilarWeb на январь 2017 года, Туту.ру входит в топ-50 самых популярных сайтов в мире в категории Travel.",Туту.ру
12,30,https://flipperzero.one,530,2020-07-14,"Мы — команда инженеров и гиков с профессиональным опытом в промышленном дизайне и производстве электроники. Делаем функциональные и забавные устройства для таких же как мы.


Сейчас наш главный продукт — Flipper Zero, швейцарский нож для гиков и пентестеров.


Следите за процессом разработки и новостями о Flipper Zero в:
Instagram
Facebook
Англоязычном блоге",Flipper Devices Inc.
13,5000,https://www.englishdom.com,892,2010-01-01,"EnglishDom – онлайн школа английского языка, один из лидеров EdTech в Восточной Европе. EnglishDom вдохновляет выучить английский за счет инновационных технологий, погружения в языковую среду и человеческой заботы. В компании работает международная команда из 400 сотрудников, в их числе 300+ преподавателей. За 10 лет работы EnglishDom обучил более 35 000 студентов.",EnglishDom
22,10000,http://www.sber.ru/,421,1841-11-12,"",Сбер
15,5000,http://www.kaspersky.ru/,116,1997-07-21,"«Лаборатория Касперского» — крупнейшая в мире частная компания, работающая в сфере информационной безопасности, и один из наиболее быстро развивающихся вендоров защитных решений. Наша компания осуществляет свою деятельность в 200 странах и территориях мира, а наши 34 офиса открыты в 31 стране. В «Лаборатории Касперского» работает более 3000 высококвалифицированных специалистов.


Мы международная компания, обладающая масштабным видением и ориентированная на мировой рынок. Наш годовой доход в настоящее время превышает 700 миллионов долларов США (711 млн долл., согласно неаудированным данным за 2014 год).


Заняв уверенную позицию в первой четверке ведущих мировых производителей защитных решений для пользователей конечных устройств, мы продолжаем укреплять свое положение на рынке. Наша компания названа «Лидером» в категории Endpoint Protection (решения для защиты конечных устройств) по версии «Большой тройки» аналитических агентств (Gartner, IDC и Forrester).",«Лаборатория Касперского»
16,100,http://firstvds.ru/?aid=20152,510,2002-12-06,Размещаем сайты клиентов на виртуальных и выделенных серверах в дата-центрах в Москве.,FirstVDS
17,10000,http://lanit.ru/,921,1989-10-16,"Группа компаний ЛАНИТ


ЛАНИТ – «ЛАборатория Новых Информационных Технологий» – ведущая в России и СНГ многопрофильная группа ИT-компаний. Создана в 1989 году.


Занимает лидирующие позиции в различных сегментах рынка (системная интеграция, дистрибуция, консалтинг, инженерные системы, ИT-аутсорсинг, сервис, обучение). Является крупнейшим российским системным интегратором и ведущим партнером более 250 основных мировых производителей оборудования и программных решений в области высоких технологий. 


Численность сотрудников – 11 800 человек. Консолидированный оборот группы компаний ЛАНИТ в 2019 году составил 173,8 млрд руб. с НДС (рост 5,8%). 


Занимает лидирующие позиции в рейтингах крупнейших российских ИT-компаний и консалтинговых компаний (RAEX). По данным исследования «Competitive Profiles and Analysis of Leading IT Services Players in Russia, 2018» международной компании IDC, ЛАНИТ – №1 в сфере ИТ-услуг в России.",ГК ЛАНИТ
18,10000,https://www.tinkoff.ru/career/,486,2005-11-18,"В Тинькофф мы создаем финтех-сервисы для 15 млн клиентов.


Экосистема Тинькофф — это инвестиции, путешествия, обслуживание бизнеса, страхование, мобильный оператор, развлечения, образование, внутренние сервисы и проекты.


Здесь мы активно делимся знаниями: 


• публикуем статьи о разработке, тестировании, продуктовых процессах

• рассказываем о прошедших конференциях и митапах


Наши лучшие материалы мы публикуем здесь.",TINKOFF
19,50,https://pvs-studio.com/,140,2008-01-01,"Мы разрабатываем, продвигаем и продаем статический анализатор C, C++, C# и Java кода PVS-Studio.


Это инструмент для программистов, который экономит деньги компаний за счет раннего обнаружения программных ошибок путем анализа исходного кода. 

Наша миссия — повышение качества программ. Наша задача — не найти какие-то ошибки, а повысить качество и уровень разработки программного обеспечения. Мы продаём миру идею использования статического анализа кода в целом. Использование методологии статического анализа экономит время при разработке, делает программистов более ответственными, дополнительно контролирует новичков и экономит деньги и нервы конечных пользователей программ. И мы должны донести весть о статическом анализе всему миру. Доносим мы это не абстрактно, а конкретно, предлагая использовать наш анализатор PVS-Studio. Мир благодарен нам за это, что находит отражение в приобретении лицензий.


В статьях и выступлениях на конференциях мы НЕ рекламируем PVS-Studio в лоб типа «покупайте PVS-Studio и все будет хорошо». Мы говорим: «Используйте статический анализ кода и всё будет хорошо. Какой? Например, PVS-Studio.» 

Поддерживаемые языки и компиляторы

Windows. Visual Studio, C, C++, C++/CLI, C++/CX (WinRT)
Windows. MinGW C, C++
Windows/Linux. IAR Embedded Workbench, C/C++ Compiler for ARM C, C++
Windows/Linux. QNX Momentics, QCC C, C++
Windows/Linux. Keil µVision, DS-MDK, ARM Compiler 5/6 C, C++
Windows/Linux. Texas Instruments Code Composer Studio, ARM Code

Generation Tools C, C++
Windows/Linux. MPLAB XC8 C
Windows/Linux/macOS. GNU Arm Embedded Toolchain, Arm Embedded

GCC compiler, C, C++
Windows/Linux/macOS. Qt Creator, Eclipse, GCC, Clang, C, C++
Windows/Linux/macOS. IntelliJ IDEA, Android Studio, Java
Windows/Linux/macOS. Visual Studio, JetBrains Rider, C#, .NET Framework, .NET Core
",PVS-Studio
20,30,https://clck.ru/YqYJB,872,2020-02-01,"Blog about Tech Career. Рассказываем истории разработчиков, публикуем советы по улучшению резюме и как проходить собеседования, делимся «внутрянкой» HR-ов и вакансиями, которые можно подобрать в зависимости от пожеланий: по заработной плате, задачам, команде и локации.


Заходите на Headz.io и найдите идеальную вакансию. Все профили на площадке анонимны до тех пор, пока вы сами не лайкните вакансию. 

Каждый день на площадке вас ждут более 50 новых предложений с релокацией и без. Поиск работы стал проще с headz.io.",Headz.io
21,30,http://regionsoft.ru,981,2001-06-06,"17 лет разрабатываем собственную десктопную CRM-систему для бизнеса, другие решения и интеграционные проекты для бизнеса любого масштаба. За эти годы помогли автоматизировать бизнес более, чем 5000 клиентов. 


CRM-система RegionSoft CRM непрерывно развивается, и на сегодня включает возможности уровня ERP-системы: телефонию, аналитику, планирование, управление продажами, управление бизнес-процессами и многое другое. Есть несколько редакций под потребности любого бизнеса.",RegionSoft
23,200,https://www.ispsystem.ru,132,2004-02-10,"ISPsystem — российский разработчик платформ для комплексного управления ИТ-инфраструктурой. Компания создает экосистему программных продуктов для обслуживания физического оборудования, серверной виртуализации, веб-серверов и сайтов. Для хостинг-провайдеров и IaaS-проектов предлагает биллинговую платформу и программу реселлинга своего ПО. 

С 2004 года продукты ISPsystem успешно эксплуатируются на сотнях тысяч серверов по всему миру, работают в организациях государственного сектора и органах власти, промышленных и производственных корпорациях, дата-центрах, предприятиях из сферы ритейла, логистики и в многих других. В 2016 году ПО ISPsystem было включено в единый реестр российских программ для электронных вычислительных машин и баз данных.",ISPsystem
24,0,https://www.globalsign.com/ru-ru/,477,1996-01-01,"Удостоверяющий центр GlobalSign – мировой лидер в области сетевых и облачных PKI-решений по управлению идентификацией и доступом.

Цифровые сертификаты безопасности, такие как SSL- сертификаты, сертификаты подписи кода, многофункциональные цифровые подписи обеспечивают нашим клиентам безопасные рабочие процессы, необходимые для проведения транзакций, реализации электронного документооборота, проверки подлинности пользователей, устройств, электронных активов и т. д.

Среди наших клиентов множество компаний из списка Fortune 100, частных и государственных организаций, крупных предприятий, хостинговых компаний, разработчиков и инноваторов в сфере интернета вещей (IoT). 

В настоящее время GlobalSign является частью GMO CLOUD K.K., Япония. Представительства компании расположены в США, Европе и Азии. 


GlobalSign – единственный удостоверяющий центр, который имеет официальное представительство на территории Российской Федерации. Мы предлагаем высший уровень сервиса, русскоязычную поддержку и другие преимущества.


Для получения дополнительной информации посетите сайт www.globalsign.com или свяжитесь с нами по телефону: +7 (499) 678 2210.

Специальные предложение:


",GlobalSign
25,5000,http://avito.tech,203,2007-01-01,"Мы команда инженеров Авито. В блоге рассказываем о технологиях и инструментах компании, своём опенсорсе, митапах в нашем офисе и конференциях, на которых выступаем.


У нас больше тысячи микросервисов на Python и Go, фронтенд на JavaScript, базы данных PostgreSQL, MongoDB и Redis, автоматические тесты, обученная на данных система модерации и поисковый движок Sphinx. 


В Авито уже 800 инженеров. Мы работаем в небольших кросс-функциональных командах, каждая из которых отвечает за конкретную часть сервиса. Нашим продуктом каждый месяц пользуются десятки миллионов человек, поэтому мы умеем работать с большими нагрузками. 


Подписывайтесь на блог, задавайте нам вопросы и делитесь опытом в комментариях.",Авито
26,30,http://ua-hosting.company,105,2009-07-10,"Разрешите представиться. Мы — хостинг-провайдер ua-hosting.company, предоставляем услуги исключительно премиального качества по минимально возможным расценкам. Работаем с 2009-го года. Узнать полностью о том, кто мы и что мы можно из нашего корпоративного блога на Хабре, а в частности из нашей истории, там же можно немного увидеть «ua-hosting в лицах», посмотреть на тех людей, которые работают для Вас:
«ua-hosting.company» или как стать хостинг-провайдером с нуля и сгенерировать трафика больше, чем вся Беларусь


В данный момент мы предлагаем услуги хостинга и аренды выделенных серверов в нидерландском Дата Центре премиум-класса EvoSwitch с ПРЯМЫМИ каналами на Россию и Украину, нидерландском ЦОДе «Switch» (на этой площадке упор сделан в сторону недорогих custom built решений), американском Дата Центре COPT DC-6-EvoSwitch, а также сингапурском ЦОДе SIN-11/Pacnet.


Подробнее о:

ЦОДе в Нидерландах
Дата-центр «Switch AMS1» — мы сделали то, чего так не хватало нашим клиентам!
ЦОДе в США


Уже долгое время мы являемся спонсором различных мероприятий и проектов, в большинстве случаев некоммерческих, постоянно развиваемся и растем, не жалеем средств на развитие и повышение опыта наших сотрудников. В апреле 2017 мы стали золотым спонсором HostingCon Global в Лос-Анджелесе и 8 наших сотрудников посетило конференцию, а также наши новые площадки в США.


Прошел почти год с момента, когда мы анонсировали услугу аренды виртуальных серверов с выделенными накопителями, которые могут быть лучше выделенных серверов начального уровня и при этом дешевле. За последние месяцы мы значительно расширили ассортимент и начали предоставлять данное решение не только в Нидерландах, но и в США, на очереди еще 8 локаций: 


— Вы получаете полностью выделенные аппаратные ресурсы (процессор, RAM, накопители), все IOPS Ваши, как и на выделенном сервере; 

— более надежное решение, нежели выделенные серверы начального уровня, так как железо новое, с процессорами 2 х Intel Dodeca-Core Xeon E5-2650 v4 (последнего поколения в данный момент), меньший риск аппаратных проблем; 

— вычислительные операции проходят более эффективно за счет поддержки процессором E5-2650v4 множества инструкций (выполняются быстрее при тех же частотах, от нескольких десятков % до сотни раз); 

— экономичность (в большинстве случаев выделенные серверы начального уровня проигрывают по производительности);  

— удобство управления (переустановка, использование своих ISO-образов, перезагрузка, возможность наблюдения статистики и подключения к VNC доступны из удобной панели управления Вашим виртуальным сервером). 

Заказать VPS (KVM) с выделенными накопителями, которые могут быть не хуже выделенных серверов, а в большинстве случаев — лучше! 


VPS (KVM) — E5-2650 v4 (6 Cores) / 10GB DDR4 / 240GB SSD / 1Gbps 10TB — $29

VPS (KVM) — E5-2650 v4 (12 Cores) / 20GB DDR4 / 2 х 240GB RAID1 SSD / 1Gbps 20TB — $49

VPS (KVM) — E5-2650 v4 (24 Cores) / 40GB DDR4 / 4 x 240GB RAID10 SSD / 1Gbps 40TB — $99

VPS (KVM) — E5-2650 v4 (12 Cores) / 20GB DDR4 /480GB SSD / 1Gbps 20TB — $49

VPS (KVM) — E5-2650 v4 (24 Cores) / 40GB DDR4 / 2 x 480GB RAID1 SSD / 1Gbps 40TB — $99

VPS (KVM) — E5-2650 v4 (6 Cores) / 10GB DDR4 / 4TB HDD / 1Gbps 10TB — $29

VPS (KVM) — E5-2650 v4 (12 Cores) / 20GB DDR4 / 2 x 4TB RAID1 HDD / 1Gbps 20TB — $49

VPS (KVM) — E5-2650 v4 (24 Cores) / 40GB DDR4 / 4 x 4TB RAID10 HDD / 1Gbps 40TB — $99

Также мы предложили облачные виртуальные серверы по цене хостинга (в данный момент проходит распродажа, Вы можете воспользоваться)

S


Ядра (vCPU) 1 Core

Память (vRAM) 1 GB

Дисковая квота 40 GB (SSD Storage)

Порт 1000 Mbps

Премиум трафик 4 TB

Бесплатная защита от DDOS-атак до 1 Гбит / с!
$9,00 $5,99 / месяц

M


Ядра (vCPU) 2 Core

Память (vRAM) 2 GB

Дисковая квота 60 GB (SSD Storage)

Порт 1000 Mbps

Премиум трафик 6 TB

Бесплатная защита от DDOS-атак до 1 Гбит / с!
$19,00 $7,99 / месяц

L


Ядра (vCPU) 4 Core

Память (vRAM) 4 GB

Дисковая квота 80 GB (SSD Storage)

Порт 1000 Mbps

Премиум трафик 8 TB

Бесплатная защита от DDOS-атак до 1 Гбит / с!
$39,00 $19,99 / месяц

XL


Ядра (vCPU) 8 Core

Память (vRAM) 8 GB

Дисковая квота 160 GB (SSD Storage)

Порт 1000 Mbps

Премиум трафик 10 TB

Бесплатная защита от DDOS-атак до 1 Гбит / с!
$59,00 $32,99 / месяц

Заказать облачный сервер по волшебной цене

ОТЗЫВЫ ОТ КЛИЕНТОВ С РЕПУТАЦИЕЙ

http://searchengines.guru/showthread.php?p=14865377#post14865377
http://searchengines.guru/showthread.php?p=14874718#post14874718
https://habrahabr.ru/company/ua-hosting/blog/317282/#comment_9983586
http://searchengines.guru/showthread.php?p=14900495#post14900495
http://searchengines.guru/showthread.php?p=14908492#post14908492
http://searchengines.guru/showthread.php?p=14957194#post14957194
http://searchengines.guru/showthread.php?p=14978295#post14978295


Пока мы не получили ни единого критического отзыва от клиентов, которые воспользовались нашим новым продуктом — виртуальным сервером с выделенными накопителями, полноценным аналогом выделенного сервера, а в данный момент уже заняты сотни виртуальных машин.

Как построить инфраструктуру корп. класса c применением серверов Dell R730xd Е5-2650 v4 стоимостью 9000 евро за копейки?


Нам уже доверили свои проекты тысячи клиентов, которые генерируют суммарно 150+ Гбит / с трафика только в Дата Центре EvoSwitch (наша основная площадка):




Среди наших клиентов есть даже несколько хостинг-провайдеров, крупнейшие предприятия в Украине, к примеру Глобино, перенесли часть своей инфраструктуры к нам в Нидерланды, а это говорит о многом, прежде всего о доверии, ведь процесс производства не должен останавливаться ни на секунду!

Специальное предложение для трафикогенераторов, стримминг-проектов! Только у нас одни из самых низких цен, а если не скромно — самые низкие, на выделенные серверы с каналом до 100 Гбит / с.


2 х Xeon E5-2650 / 128GB / 8x512GB SSD / 10Gbps — $1199

2 х Xeon E5-2650 / 256GB / 24x512GB SSD / 10Gbps — $2099  

2 х Xeon E5-2650 / 256GB / 24x1TB SSD / 10Gbps — $3599

2 х Xeon E5-2650 / 256GB / 24x2TB SSD / 10Gbps — $6599


2 х Xeon E5-2650 / 256GB / 8x1TB SSD / 20Gbps — $1999

2 х Xeon E5-2650 / 256GB / 24x512GB SSD / 20Gbps — $2999

2 х Xeon E5-2650 / 256GB / 24x1TB SSD / 20Gbps — $4599

2 х Xeon E5-2650 / 256GB / 24x2TB SSD / 20Gbps — $7599


2 х Xeon E5-2650 / 256GB / 24x512GB SSD / 40Gbps — $4999

2 х Xeon E5-2650 / 256GB / 24x1TB SSD / 40Gbps — $5599

2 х Xeon E5-2650 / 256GB / 24x2TB SSD / 40Gbps — $8599


Нашими серверами реально отдать 10 Гбит / с и более! Рекомендации по выбору конфигурации здесь.




Но и это еще не все. Мы понимаем, что порой сервер нужен «здесь и сейчас» и срок доставки 1-5 рабочих дней может быть неприемлемым. С этой целью мы разработали услугу моментального выделенного сервера. Помимо прочего, иногда мы проводим интересные акции. К примеру сейчас доступны:


2 x Intel Quad-Core Xeon E5620 32GB DDR3 6x240GB SSD 1Gbps 100TB — *$139 / месяц

 2 x Intel Quad-Core Xeon E5620 32GB DDR3 4x4TB SATA 2x240GB SSD 1Gbps 100TB — *$139  / месяц

2 х Intel Dodeca-Core Xeon E5-2650 v4 128GB DDR4 6x480 SSD 1Gbps 100 ТВ -*$249  / месяц

2 х Intel Dodeca-Core Xeon E5-2650 v4 128GB DDR4 4x8TB SATA 2x480 SSD 1Gbps 100 ТВ — *$249 / месяц

 2 х Intel Dodeca-Core Xeon E5-2650 v4 128GB DDR4 4x4TB SATA 4x480 SSD 1Gbps 100 ТВ — *$249 / месяц

 2 х Intel Dodeca-Core Xeon E5-2650 v4 128GB DDR4 8x4TB SATA 2x480 SSD 1Gbps 100 ТВ — *$249 / месяц 

2 x Intel Quad-Core Xeon E5620 32GB DDR3 6x240GB SSD 1Gbps Unmetered — *$259  / месяц

 2 x Intel Quad-Core Xeon E5620 32GB DDR3 4x4TB SATA 2x240GB SSD 1Gbps Unmetered — *$259 / месяц

 2 х Intel Dodeca-Core Xeon E5-2650 v4 128GB DDR4 6x480 SSD 1Gbps Unmetered -*$369  / месяц

2 х Intel Dodeca-Core Xeon E5-2650 v4 128GB DDR4 4x8TB SATA 2x480 SSD 1Gbps Unmetered -*$369 / месяц

 2 х Intel Dodeca-Core Xeon E5-2650 v4 128GB DDR4 4x4TB SATA 4x480 SSD 1Gbps Unmetered -*$369 / месяц 

2 х Intel Dodeca-Core Xeon E5-2650 v4 128GB DDR4 8x4TB SATA 2x480 SSD 1Gbps Unmetered -*$369 / месяц


*При аренде сервера на срок от 1-го года. В случае, если у Вас нет средств для оплаты аренды сразу на год — свяжитесь с нами. Мы готовы рассмотреть любые иные гарантии исполнения Вами контракта. По запросу, при заблаговременном заказе сразу нескольких серверов, мы можем предоставить свитчи для организации внутренней сети на скорости 1 или 10 Гбит / с для коммутации акционных серверов Е5-2650v4. Подробности уточняйте в sales@ua-hosting.company. 24 port 1Gbps private switch: +$75 / месяц. Комплектация Е5-2650v4 картой Intel X540-T2 для организации LAN на скорости 10 Гбит / с (2 сетевых интерфейса по 10 Гбит / с): +$40 / месяц. 10Gbps private switch Arista 7050tx-48-r: +$500 / месяц.

ЗАКАЗАТЬ ВЫДЕЛЕННЫЙ СЕРВЕР


Также приведем список причин, по которым Вам может быть выгодно работать с нами:


— поддержка на родном языке;

— Platinum SLA бесплатно;

— гибкость в настройке и установке серверов (возможность переустановить ОС через панель), возможность заказа индивидуального решения;

— оперативное предоставление сервера после заказа, порой моментальное;

— предоставление в качестве бонуса панели управления ISP Manager Lite и базовой настройки;

— оперативность решения проблем (на наших площадках есть выделенный инженер, также ЦОДы по умолчанию обрабатывают запросы очень крупных клиентов более оперативно, нежели небольших), возможность заказа сопровождения по минимальным ценам;

— больше времени для реакции на жалобу;

— низкие цены на серверы, разнообразные способы оплаты (можем принять оплату даже через PayPal).


Обращайтесь, будем рады Вам помочь!


TEL +380 (94) 710-55-30, +380 (44) 392-84-01, +7 (499) 350-26-25

Бесплатно из РФ +7 (800) 350-26-25, бесплатно из Украины +380 (800) 21-06-75

Контакты: 

admin@ua-hosting.company
http://ua-hosting.company/

Мы на Хабре: habrahabr.ru/company/ua-hosting

Мы на Гиктаймс: geektimes.ru/company/ua-hosting

Персональный аттестат (BL 1140): arbitrage.webmoney.ru/asp/claims.asp?wmid=089969743985

",ua-hosting.company
27,0,https://nv-clinic.ru/,8,1900-01-01,"Блог клиники доказательной медицины. Основной контент — рациональные подходы к решению разных медицинских и биотехнологических проблем, опирающиеся на данные исследований. История в том, что очень многие стереотипные вещи сейчас отрицают, и нужно заново перебирать почти все процессы. Этим мы и занимаемся.",Наше время
28,10000,https://ozon.dev,262,1998-02-09,"Ozon Tech — это команда разработки лидирующего e-com в России. 


Чтобы миллионы пользователей могли делать сотни тысяч заказов в день и получать их вовремя, нужна IT-инфраструктура и специалисты, которые всё это поддерживают: 

2500+ микросервисов, высокая доступность, отказоустойчивость, горизонтальное масштабирование, распределение нагрузки. 
Хайлоад: до 5K заказов в минуту и до 38К RPS к бэкенду с мобильных приложений и сайта в дни распродаж, нагрузка в некоторых сервисах достигает 300К RPS. 
Собираем 230 млн метрик с наших сервисов и систем. 
3 ЦОДа и 2500 серверов — у нас одна из крупнейших в РФ IT-платформа. 
Суммарный объем аналитических хранилищ 30+ PB. 
Большинству наших сервисов не более 3 лет: стремимся внедрять современный стек везде, до куда дотянемся. 
Высокая инженерная культура: используем лучшие практики для построения внутренней инфраструктуры, позволяющей поддерживать проекты красиво и эффективно. 


В Ozon Tech работает более 2,6 тысяч инженеров в сотнях кросс-функциональных командах, и мы продолжаем расти. Исповедуем концепцию Everything as Code: минимум ручных действий, максимум автоматизации. 

У нас под капотом:
Backend: Go, .NET, Java 
Frontend: Vue.js, TypeScript, JSX, Node.js 
Mobile: Swift, Kotlin 
QA: Go, Python, C#, TypeScript, Allure 
Data: PostgreSQL, ClickHouse, Memcached, Redis, MSSQL, Ceph, Vertica, Hadoop, Airflow, Kafka, а также собственные технологические решения 
Infrastructure: Docker, K8s, S3, NGINX, CI/CD 
Observability: Prometheus, Thanos, OpenTelemetry, Jaeger, Grafana, Graylog, Opsgenie 
Процессы: Scrum, Kanban, Jira, Confluence, GitLab, Slack, Microsoft Teams 


Нам важно делиться экспертизой: мы регулярно ведём блог, пилим Open Source проекты, записываем подкасты, организуем митапы и выступаем на конференциях. 

Узнать больше:

— Сайт Ozon Tech 

— Вакансии 

— Стажировки 

— Route 256 — школа обучения Go, C#, QA и фронтенду 

— Open Source проекты 

— Канал на YouTube ",Ozon Tech
29,5000,http://jetbrains.com/ru-ru,93,2000-02-01,"Компания JetBrains – ведущий мировой производитель профессиональных средств разработки с офисами в Праге, Санкт-Петербурге, Мюнхене, Новосибирске, Бостоне, Москве и Амстердаме.


С 2000-го года компания выпускает полнофункциональные, мощные и удобные в использовании программные продукты для разработки на Java, C#, .NET, Objective-C, Python, Ruby и других.


Благодаря применению современных технологий инструменты JetBrains значительно улучшают качество кода и повышают продуктивность работы программистов, освобождая их от рутины.",JetBrains
30,5000,https://city-mobil.ru/,935,2007-05-14,"Ситимобил — сервис городской мобильности, который объединяет различные способы передвижения – такси, электросамокаты, каршеринг, а также услуги доставки. Доступен в мобильных приложениях пользователям iOS и Android, по звонку оператору, через сервис Такси ВКонтакте, а также через мессенджеры Viber, WhatsApp и Telegram. Работает более чем в 70 городах России. Компания занимает второе место по количеству онлайн-заказов такси в Москве и в большинстве городов присутствия. В 2019 году Ситимобил стал частью совместного предприятия в сфере еды и транспорта, созданного Mail.ru Group и Сбером.",Ситимобил
31,5000,https://www.skyeng.team/development,585,2012-08-18,"Привет, в разработке и аналитике Skyeng уже 300+ человек, мы пишем на PHP, Angular, Kotlin/Java, Swift/Objective-C, плюс немного на Python в аналитике. А еще мы:

Работаем в 40 распределенных продуктовых командах — от Калининграда до Владивостока (и не только), от маленьких деревень и небольших провинциальных городов до столиц. Регулярно развиртуализируемся.


Помогаем 150 000 взрослых и детей, а также 20000 преподавателей учиться и учить по современным методикам и так, чтобы это было интереснее котиков на ютубе. Контрибутим в образование в стране.


Разработали интерактивную онлайн-платформу Vimbox со своим электронным учебником, крутой автоматизацией и WebRTC, а теперь еще и делаем ее версии для школ, вузов, корпоративных клиентов и других стран.


Развиваем линейку мобильных приложений — аудирование, изучение слов и не только. 


Пилим сложные и важные внутренние системы, от которых зависит работа нескольких тысяч сотрудников: биллинг, CRM, сервисы авторизации и многое другое. 


Активно внедряем машинное обучение, чтобы сделать весь процесс обучения более эффективным, персональным и удобным.


Выкладываем свои решения в опенсорс, чтобы ими могли пользоваться коллеги.


Выделяем время на рефакторинг в спринтах, помогаем вырасти до тимлидов, оптимизируем код-ревью и другие процессы в командах. Развиваем культуру автотестов и CI/CD.


Поддерживаем ИТ-сообщества в разных городах России — даем площадку с трансляцией в Москве, соорганизуем PHP-митапы по стране. В планах на 2021-й — поддержка встреч по Angular, QA, аналитике/ML и не только.


Делимся опытом на Youtube и в таких полезных подборках.


p.s. А еще мы будем рады тебе)",Skyeng
32,10000,http://ods.ai/,182,2015-03-12,"",Open Data Science
33,1000,https://domclick.ru/,376,2015-07-19,"Мы — продуктовая технологическая компания, которая создает высоконагруженные проекты в сфере недвижимости, обеспечивая полный цикл от выбора квартиры, получения ипотеки, взаиморасчетов с продавцом до постпродажного сопровождения.


Наш стек:


Backend — Python, Java, Kotlin, Go, Ruby

Frontend — React, Angular, Vue. js

Mobile — Swift, Kotlin

Database — MongoDB, PostgreSQL, Clickhouse, Influx, Redis


Наши принципы — Cloud Native и Open Source


У нас мощная экспертиза по Data Science во всех областях — Machine Learning, Natural Language Processing, RecSys, Optical Character Recognition.


Мы работаем по agile, используем CI&CD, пишем тесты и берем от жизни все.",Домклик
34,5000,https://my.games/,809,2021-11-10,"Международный разработчик и издатель видеоигр, объединяющий 14 студий, часть VK. Рассказываем о собственных технических решениях, освещаем тренды современного геймдева, делимся практическими кейсами из разработки — не только историями успеха, но и набитыми шишками. 


Под капотом наших игр — современные графические API, интеграции технологий визуальных вычислений от лидеров рынка, R&D-проекты, кастомные разработки, почерпнутые из лучших AAA-практик. Подробнее об этом — в наших статьях.",MY.GAMES
35,1000,https://www.milandr.ru,909,1993-12-01,"«Миландр» — ведущий российский разработчик и производитель интегральных микросхем, приборов и систем. 

Основная специализация компании «Миландр» – реализация проектов в области разработки и производства изделий микроэлектроники (микроконтроллеры, микропроцессоры, микросхемы памяти, микросхемы приемопередатчиков, микросхемы преобразователей напряжения, радиочастотные схемы), универсальных электронных модулей и приборов промышленного и коммерческого назначения, разработки ПО для современных информационных систем и изделий микроэлектроники.


В компании сформирована уникальная научно-производственная база предприятия, созданы центры проектирования интегральных микросхем, радиоэлектронной аппаратуры, программного обеспечения, образовательный центр, сборочно-измерительное производство и испытательный центр.

Отличительная особенность предприятия – это обеспечение создания интегральных микросхем и электронных модулей от процессов проектирования и производства инновационных продуктов, востребованных рынком, до постоянного технического сопровождения всех реализованных проектов.",Миландр
36,200,https://dodo.dev/,865,2011-04-23,"Dodo Brands still hasn’t you.

Follow the RabbitMQ.


Здесь мы рассказываем о том, как развивается IT в компании Dodo Brands.


Мы теперь не просто Dodo Pizza. Мы – Dodo Brands. Именно так называется компания, которая развивает три бренда Додо Пицца, Дринкит и Донер42, на базе единой инфраструктуры и самописной цифровой платформы Dodo IS. В 2020 году наступила действительно новая эпоха в жизни компании, которая зародилась 9 лет назад в маленьком северном Сыктывкаре.


Мы – разработчики в Dodo: «blameless culture» + «no bullshit». С момента основания создаём Dodo IS, которая управляет всем бизнесом. Это коллаборация ERP+HRM+CRM-систем. Бонусом драйвим клиентские сайты и мобильное приложение. Боремся с англицизмами, используем их и снова боремся.

Наш масштаб в цифрах: 700+ точек питания в 15 странах (Великобритания, Штаты, Нигерия etc.), 16 000 000 клиентов, 170 заказов в минуту (стандарт), 365 заказов в минуту (зафиксированный максимум), 800 заказов в минуту (держим в нагрузочном тестировании), 3000 RPS, 26 млрд рублей – выручка сети за прошлый год.


Для создания всемирной системы Dodo IS нам нужно больше разработчиков. В 2017 году нас было 20, сейчас 160, но этого недостаточно. Нам нужен ты.


Работаем с технологиями: 

.NET Framework, переходим постепенно на .NET Core: ASP.NET MVC в монолите – 14 сервисов; ASP.NET Core в монолите – 2 сервиса; ASP.NET Core вне монолита – 28 сервисов.
В монолите 18 проектов на FullFramework и 168 на NetStandard. Прямо сейчас обновляем монолит на .NET 5.0. 
 На сайте React + TypeScript, в бекофисе мигрируем с jQuery, Angular первых версий тоже на React + TypeScript.
 36 баз MySql на кластерах, кроме dev окружений.
 Всё на Azure, с использованием RabbitMQ (местами Kafka, Azure Event Hubs), Kusto, CosmosDB, Redis и ещё много мелких радостей.
 Все новые сервисы мы пишем на .NET, под Linux, запускаем в Kubernetes.
 Детальный мониторинг на продакшене на базе Prometheus, сбор логов в Kusto, визуализация в Grafana, пейджер для дежурного в PagerDuty.
",Dodo Engineering
37,200,http://www.itsumma.ru/?utm_source=habr.com&utm_campaign=anketaco,396,2008-08-12,"С 2008 года помогаем сервисам по всему миру оставаться доступными.


И вот чем мы можем быть вам полезны:


поддержка и администрирование сайтов 24/7/365 (время реакции по SLA — 15 минут);
создание информационных систем любой сложности (Real-Time BigData и IoT инструментарий, Machine Learning и Data science, OLAP-платформы, PaaS-системы);
разработка ПО;
аудит и комплексная оптимизация инфраструктуры;
DevOps-сопровождение проектов.



Мы обеспечиваем бесперебойную работу интернет-магазинов, стартапов, корпоративных сайтов, информационных порталов и SAAS-платформ 365 дней в году, 24 часа в сутки. 

В числе наших клиентов — «Хабр», S7 Airlines, «М.Видео», ТАСС, Tilda Publishing, «Тотальный диктант», «СбермегаМаркет», «Тануки», The Bell, «Новая газета», Utair и ещё сотни огромных и небольших компаний. 


У каждой из них — свои проблемы, цели, KPI и стратегии. И для каждого клиента у нас есть индивидуальное решение.
",ITSumma
38,500,http://www.reksoft.ru,648,1991-05-30,"Компания Рексофт, основанная в 1991 году в Санкт-Петербурге, является одной из ведущих компаний по разработке программного обеспечения и специализируется на создании сложных инновационных программных продуктов и комплексов. «Рексофт» обладает значительным опытом по созданию проектов для таких сфер бизнеса, как телекоммуникации и мобильная связь, банки и финансы, ИТ, гостиничный бизнес и туризм. С 2008 г. компания «Рексофт» входит в группу «Техносерв», которая является одним из крупнейших представителей российского ИТ-рынка. 

«Компания «Рексофт» оказывает полный цикл услуг по следующим направлениям: разработка готовых программных продуктов, разработка, интеграция и поддержка корпоративных приложений, создание и управление выделенными центрами разработки ПО. 

Головной офис «Рексофта» находится в Санкт-Петербурге, филиалы — в Москве, Воронеже и Стокгольме. В офисах компании работает более 350 человек. 

Система качества компании «Рексофт» сертифицирована по стандарту ISO 9001:2008 в области проектирования, разработки, поставки, инсталляции и технического обслуживания компьютерных систем и программного обеспечения. Кроме того, «Рексофт» является единственной компанией на территории России, все процессы по разработке ПО которой сертифицированы по стандарту CMMI 5 уровня. 

Программные продукты и технологии компании используют более 2000 компаний по всему миру, с 1991 года «Рексофт» выполнил более 500 проектов по разработке и поддержке ПО. Среди них — такие знаковые для российского рынка проекты, как Ozon.ru, Assist.ru, Barsum, а также ряд других специализированных, нишевых продуктов. Среди клиентов «Рексофта» находятся крупнейшие российские и международные компании, такие как Mavenir Systems, T-Systems, Swisscom, Springer, Tieto, Fujitsu, Промсвязьбанк, Астерос, Газпром, Сбербанк и другие.",Reksoft
39,5000,https://sbis.ru/,951,1996-01-01,"Тензор — федеральный IT-холдинг, оператор электронного документооборота, удостоверяющий центр, разработчик системы для автоматизации бизнеса СБИС.


СБИС объединяет людей и компании, бизнес-процессы и документы в одной системе. Это единая платформа, с помощью которой сотрудники решают свои задачи: создают и обмениваются документами, ищут клиентов и фиксируют контакты, узнают любую информацию о партнёрах и конкурентах, находят интересные закупки и многое другое. 


Наши масштабы проще выразить цифрами:

✅ 11 центров разработки 

✅ 95 филиалов по продаже

✅ 6000 сотрудников

✅ 3 500 000 клиентов",Тензор
40,50,http://www.cloud4y.ru,426,2009-01-01,"Cloud4Y – корпоративный облачный провайдер, основанный в 2009 году. Является одним из пионеров российского облачного рынка. Провайдер предоставляет услуги IaaS (аренда облачной ИТ-инфраструктуры), SaaS (аренда ПО Microsoft, 1C и др.), BaaS (резервное копирование как услуга), DaaS (удаленный рабочий стол). Пользователи имеют возможность регулировать потребленные ресурсы и платить только за то, что использовали. Дата-центры хостинг-компании расположены в России, Нидерландах, Германии.


Компания входит в ТОП-10 крупнейших SaaS поставщиков России, в ТОП-3 облачных поставщиков сторонних продуктов по версии Cnews Analytics, а так же в ТОП-5 лидеров IaaS-поставщиков в России по версии Json & Partners. Три года подряд удерживает первое место среди российских поставщиков IaaS-решений по рейтингу TAdviser.

Cloud4Y™ — это надёжное оборудование корпоративного уровня:

• Блейд-серверы HP, IBM;

• СХД NetApp, All Flash, SSD;

• Коммутаторы Cisco, Juniper;

• Собственное оптическое кольцо высокой доступности с задублированными каналами;

• Широкая сеть дата центров;

• Полноценная поддержка 24х7 и аутсорсинг.

Cloud4Y™ — это гарантии:

• Юридическая гарантия доступности всех сервисов;

• Гарантированный базовый уровень доступности — SLA 99,982%;

• Гарантия финансовой ответственности в случае недоступности сервисов;

• Гарантированная производительность выделяемых ресурсов (IOPS);

• 100% гарантия выделяемых ресурсов.

Cloud4Y™ — это удобные условия оплаты:

• Постоплатная схема расчетов;

• Оплата за реально используемые ресурсы;

• Почасовой биллинг;

• Стоимость всех услуг в рублях.

Cloud4Y входит в состав экспертного совета по облачным вычислениям при Министерстве связи и массовых коммуникаций Российской Федерации.

",Cloud4Y
41,0,http://www.geltek-medica.ru/,33,1900-01-01,"",Гельтек-Медика
42,10000,https://huawei.ru/,190,1987-01-01,"Компания Huawei – ведущий мировой поставщик инфокоммуникационных решений, цель которого – обогащать жизнь людей через общение. Благодаря нашим инновационным разработкам, ориентированным на потребности клиентов и развитой партнерской сети, мы достигли высоких результатов в разработке телекоммуникационных сетей, терминальных решений и систем облачных вычислений. 197 тыс. сотрудников Huawei по всему миру стремятся создавать максимально выгодные условия для операторов, предприятий и конечных пользователей, предоставляя им конкурентоспособные решения и услуги. Одна треть населения планеты использует наши инновационные продукты, решения и сервисы более чем в 170 странах мира. Основанная в 1987 году,Huawei является частной компанией, полностью находящейся во владении своих сотрудников.",Huawei
43,200,http://fun.co,828,2004-12-17,"FUNCORP — международная компания, c 2004 года разрабатываем развлекательные технологичные UGC-сервисы, которыми ежедневно пользуются миллионы людей по всему миру. Мы активно развиваем наши продукты и запускаем новые, используя современные технологии, научный подход и машинное обучение. 


Наши продукты:

iFunny — входит в TOP-5 развлекательных приложений США с ежедневной аудиторией около двух миллионов.
ABPV — рост дневной аудитории х5 за последний квартал.
АйДаПрикол — развлекательное приложение для русскоговорящих пользователей в возрасте 35+ с 1,5 миллионами активных юзеров в месяц.


Наши приложения кажутся простыми, но под капотом у нас мощные современные решения и методологии: базы данных нового поколения, сервисно-ориентированная архитектура, оркестрация, автоматическое горизонтальное масштабирование и система аналитики, готовая обработать 9 миллиардов событий в сутки. Всё для того, чтобы ежедневно радовать миллионы пользователей по всему миру, отвечая в пике на более чем 50 тысяч запросов в секунду",FUNCORP
44,10000,http://www.raiffeisen.ru/,113,1996-01-01,Мы работаем в России с 1996 года и оказываем полный спектр банковских услуг частным и корпоративным клиентам. АО «Райффайзенбанк» является дочерним банком Райффайзен Банк Интернациональ АГ.,Райффайзенбанк
45,100,https://kts.studio,640,2015-11-09,"KTS помогает бизнесу создавать и развивать IT-сервисы. Мы разрабатываем и внедряем собственные B2B-продукты, продукты для стартапов, автоматизируем бизнес-процессы больших компаний, пишем высоконагруженные web-сервисы с игровыми механиками под рекламные кампании известных брендов. 

Наши продукты


— SmartBot — конструктор ботов

— Uclass — конструктор онлайн-курсов

Как у нас можно развиваться


— В компании развита система наставничества: у сотрудника любого грейда есть ментор, который проводит ежемесячно встречи 1 на 1 и раз в полгода perfomance review, ставит цели, отслеживает прогресс в развитии, направляет, советует, поддерживает

— Также можно самому стать ментором коллеге более младшего грейда, развивать свои управленческие навыки и повышать грейд

— У нас можно стать автором статей: в компании есть «клуб авторов», которые пишут статьи в наш блог на Хабре, и в этом им помогает профессиональный редактор

— У нас есть своя школа разработки, где мы учим студентов технологиям, которые применяем сами на проектах. В рамках школы можно реализовать себя в роли преподавателя или наставника

Подписаться на нас

Наш инстаграм
Наш телеграм-канал
Наша школа",KTS
46,100,https://southbridge.io,702,2008-02-22,"Southbridge занимается настройкой и поддержкой серверов.

С удовольствием берем классическое администрирование: сервер под сайт, БД и т.д. В классическом администрировании наводим порядок в инфраструктуре: все систематизируем, регламентируем и документируем.

Специализируемся на highload-проектах: кластеры Kubernetes, кластеры баз данных, внедрение DevOps-инструментов. Примерный стек: Ansible, Gitlab, Jenkins, Docker, OpenVZ, KVM, Zabbix, Prometheus, Asterisk.


Кейсы клиентов можно почитать здесь.


Southbridge создали учебный центр Слёрм: обучение Kubernetes, DevOps, CI/СD, SRE. Предлагаем видеокурсы, интенсивы, кастомизированные курсы для компаний по K8s, Ceph, Docker, мониторингу и логированию.

Регулярно размещаем интересные обучающие материалы на нашем Youtube-канале.


Всегда есть вакансии для инженеров Linux и DevOps.",Southbridge
47,50,https://hexlet.io,22,2012-10-12,Практические уроки по программированию в реальной среде разработки,Хекслет
48,100,https://jugru.org,346,2012-02-25,"Мы делаем конференции и митапы для программистов и сочувствующих. 


С 2020 года — в онлайне. Осваиваемся. В офлайн пока не собираемся.",JUG Ru Group
49,200,https://lightmap.ru/,972,2013-04-30,"Lightmap — геймдев-студия, разработчик мобильного PvP-шутера Pixel Gun 3D с ежемесячной аудиторией свыше 10 миллионов пользователей. 


За несколько лет из небольшого инди-проекта мы выросли в крупную геймдев-студию, сохранив при этом атмосферу стартапа, дружеские отношения, открытость, драйв и полную отдачу тому, чем занимаемся. 


Сейчас в Lightmap работают более 100 специалистов — удаленно и в офисах в Ростове-на-Дону и Москве. Мы постоянно растем, экспериментируем, воплощаем в жизнь лучшие идеи и разрабатываем новые проекты.",Lightmap
50,1000,http://hh.ru,483,2000-05-23,"HeadHunter (hh.ru) (NASDAQ: HHR) – крупнейшая онлайн-рекрутинг платформа в России и один из лидеров в разработке HR-tech решений и сервисов. 


Наша цель – помогать компаниям находить сотрудников, а людям – работу, и делать так, чтобы процесс поиска сотрудников и работы был быстрым и доставлял обеим сторонам только положительные впечатления.


По данным SimilarWeb, hh.ru занимает третье место в мире по популярности среди порталов по поиску работы и сотрудников. Наши мобильные приложения стабильно занимают первые места в категории «Бизнес» в Appstore и Google Play.",HeadHunter
51,0,http://www.microsoft.com/,634,1975-04-04,"Компания Microsoft – мировой лидер в области информационных технологий, поставляющий широкий диапазон устройств и сервисов, программного обеспечения и ИТ-услуг. Это одна из крупнейших в мире корпораций, работающая в более чем 190 странах мира. Согласно ежегодному исследованию агентства Millward Brown, по результатам 2013 года Microsoft входит в десятку самых дорогих брендов мира (69 млрд долларов).


Компания Microsoft действует в России с 1992 года. На сегодняшний день компания активно работает в 70 городах страны. Головной офис находится в Москве, региональные центры — в Санкт-Петербурге, Казани, Екатеринбурге, Ростове-на-Дону, Новосибирске.


Портфель продуктов и услуг Microsoft включает настольные и сетевые операционные системы, устройства (Xbox 360, Xbox One, Kinect, Surface и др.), серверные приложения, настольные бизнес-приложения и офисные приложения для конечных пользователей, облачные решения, интерактивные программы, сервисы и игры, средства для работы в Интернете, инструменты разработки и многое другое. Облака и мобильность становятся главными приоритетами для Microsoft в соответствии со стратегией, объявленной Сатьей Наделлой, новым CEO корпорации.

Microsoft предлагает клиентам и партнерам уникальный наиболее полный спектр «облачных» возможностей для создания и использования частного, публичного или гибридного облака. Органы Европейского союза по защите данных подтверждают, что договоры корпорации Microsoft об оказании облачных услуг отвечают высоким стандартам законодательства ЕС о защите персональных данных. Microsoft первая и в настоящее время единственная компания, которая получила такое одобрение. В портфель Microsoft входит целый ряд облачных сервисов, таких как Office 365, Microsoft Azure, Dynamics CRM Online, Intune, OneDrive.

Одним из ключевых направлений в Microsoft, является работа с техническими аудиториями: разработчиками, IT-специалистами, стартапами и студентами. В рамках международного конкурса Imagine Cup, организованного компанией Microsoft, студенты получают возможность представить свою идею и воплотить в жизнь её прототип с помощью современных информационных технологий. Microsoft предлагает поддержку самым перспективным стартапам в виде программы BizSpark, которая дает возможность получить бесплатное программное обеспечение и облачные гранты Microsoft Azure. Компания проводит различные мероприятия для технической аудитории, в числе которых DevCon и DevCon Schools.

Михаил Черномордиков (mixen), Директор департамента стратегических технологий Microsoft: «Наша команда IT-евангелистов помогает разработчикам по всей стране использовать новые технологии и платформу Microsoft для создания собственных продуктов.

У нас достаточно широкий спектр направлений. Одни помогают студентам в освоении новых технологий, другие консультируют стартапы, третьи пишут технические статьи и организовывают мероприятия для профессиональных разработчиков, четвёртые работают с крупными российскими компаниями.»",Microsoft
52,10,https://career.habr.com,315,1900-01-01,"Хабр Карьера — сервис, который помогает развивать карьеру в ИТ-индустрии. Здесь можно найти работу мечты в Яндексе, Mail.ru, Авито, Badoo, Miro — выбирайте из 20 тысяч компаний-гигантов, известных международных проектов и амбициозных стартапов.


Помимо поиска работы, на Хабр Карьере можно оценить своего работодателя и узнать оценки других компаний из ежегодного рейтинга, сравнить свою зарплату с зарплатами других российских айтишников такой же специальности и квалификации с помощью калькулятора зарплат и быстро найти курсы по душе в образовательном маркетплейсе.",Хабр Карьера
53,100,https://otus.ru,63,2017-04-01,"OTUS – сообщество профессионалов, которые помогут приобрести бесценные знания, эффективно развиваться и идти вверх по карьерной лестнице. 


Каждый месяц мы запускаем несколько образовательных программ, которые послужат прочной основой для вашего развития и достижения новых высоких результатов в сфере IT. Авторские курсы от экспертов рынка дают возможность уже состоявшимся специалистам значительно повысить уровень своей подготовки. 


Весь процесс обучения построен так, чтобы каждый студент мог освоить набор компетенций, необходимых для трудоустройства в крупные компании. Крупнейшие работодатели России приглашают на собеседования лучших выпускников.",OTUS
54,500,http://www.parallels.com/,589,1999-11-30,"Parallels Inc. — мировой лидер на рынке межплатформенных решений, которые обеспечивают пользователям простой доступ к необходимым им приложениям и файлам, а также их использование с любого устройства и в любой операционной системе. 


Мы помогаем корпоративным и домашним пользователям безопасно и эффективно использовать свои любимые устройства и именно те технологии, которые им удобны, будь то Windows®, Mac®, iOS, Android™, Chromebook, Windows Phone, Linux, Raspberry Pi или облачные решения. 


Решения Parallels обеспечивают очень удобную доставку виртуальных рабочих столов и приложений на любое устройство, запуск операционной системы Windows на компьютере Mac, управление компьютерами Mac с помощью Microsoft SCCM и удаленный доступ к компьютерам PC и Mac с любого устройства. 


Офисы компании Parallels находятся в Северной Америке, Европе, Австралии и Азии. Twitter: twitter.com/ru_parallels.",Parallels
55,1000,https://www.cian.ru/,667,2001-09-21,"Циан – самый популярный сервис по поиску недвижимости в России, который входит в топ-15 самых крупных онлайн-сервисов по недвижимости в мире по версии Similar Web. 


У нас множество продуктовых full stack команд, куда входят исследователи, дизайнеры, тестировщики, разработчики. Это позволяет быстро доводить любую идею от гипотезы до прода. Каждая команда выстраивает процессы под себя. 


В it департаменте сейчас 200 + человек и 500 микросервисов, число которых постоянно растет.",Циан
56,10000,https://www.rshb.ru/,757,2000-03-15,"Акционерное общество «Российский Сельскохозяйственный банк» www.rshb.ru создан в 2000 году в целях развития национальной кредитно-финансовой системы агропромышленного сектора и сельских территорий Российской Федерации. Мы один из крупнейших российских банков, стремящийся не только системно развивать российский АПК, но и создавать уникальный пользовательский опыт для наших любимых клиентов. На сегодняшний день банк входит в число крупнейших и наиболее стабильных финансовых учреждений страны и продолжает развиваться вместе с агропромышленным комплексом, все больше внимания уделяя цифровым технологиям, технологиям искусственного интеллекта и большим данным, развитию фермерского движения и раскрытию потенциала сельских территорий.

Отвечая на вызовы времени, мы обновляем стратегию своего развития и ставим перед собой амбициозные цели как в области цифровизации классических банковских продуктов и услуг, так и за пределами традиционного бэнкинга, создавая уникальную цифровую экосистему для предприятий АПК.",Россельхозбанк
57,500,https://cloud.mts.ru/?utm_source=habr.com&utm_medium=profile,414,2008-08-15,"#CloudMTS — один из крупнейших облачных провайдеров с собственными дата‑центрами и магистральными каналами связи по всей России. Помогаем бизнесу достигать поставленных целей с помощью проверенных облачных решений и технологий.


Облачная экосистема МТС включает в себя решения в формате частных, публичных, гибридных облаков, комплекс консалтинговых и профессиональных сервисов, услуги дата-центров и телеком-сервисы.

Наша цель — быть ИТ-партнером для бизнеса и госструктур, разрабатывать и внедрять востребованные технологические решения. Облачные сервисы предоставляются на базе собственного оборудования, размещенного в дата-центрах уровня TIER III в Москве, Санкт-Петербурге, Новосибирске, Владивостоке, Минске, Алматы и Ереване.


Облачные сервисы #CloudMTS:

вычислительные ресурсы;
сервисы безопасности;
бизнес-инструменты;
сетевые сервисы;
решения по хранению данных и бэкапу;
сервисы для разработки.


Реализуем сложные инфраструктурные проекты


В 2021 году мы запустили направление облачных проектных решений, которое занимается стратегическим ИТ-консалтингом и реализацией сложных инфраструктурных проектов.


8(800) 511-36-18

feedback@cloud.mts.ru

Москва, проспект Андропова, 18, корп. 9, БЦ Декарт",CloudMTS
58,1000,https://myoffice.ru,365,2013-01-01,"МойОфис — разработчик офисной платформы для работы с документами и коммуникаций. С 2013 года компания создает программные продукты и облачные решения для российских пользователей под брендом МойОфис®. Приложения в составе платформы: «МойОфис Документы», «МойОфис Текст», «МойОфис Таблица», «МойОфис Почта», «МойОфис Календарь», «МойОфис Контакты» и мессенджер «МойОфис Логос». С марта 2016 года продукты МойОфис входят в реестр российского ПО Минкомсвязи России. 


Клиенты компании — крупнейшие российские предприятия и государственные органы: Управление делами Президента, Министерство цифрового развития, связи и массовых коммуникаций, «Почта России», «Аэрофлот», Росгвардия, РЖД и многие другие.


Подробнее о продуктах на myoffice.ru",МойОфис
59,10,https://getmeit.ru/homepage,104,2020-09-07,"Get me IT — сервис таргетированного подбора вакансий и анонимного поиска работы для IT-специалистов в Telegram. Был создан разработчиками для разработчиков. Поэтому нам было важно сделать его максимально удобным и безопасным для пользователей. Несмотря на то, что Get me IT выступает в качестве связующего звена между работодателем и кандидатом, во главе угла для нас всегда стоят потребности коллег по цеху, IT-специалистов.


Сегодня нам доверяют более 40 000 разработчиков, большая часть которых уровня middle+.",Get me IT
60,5000,https://jobs.yoomoney.ru,391,2002-07-24,"ЮMoney (ООО НКО «ЮМани») — сервис электронных платежей, который помогает людям отправлять переводы, оплачивать товары и услуги, а компаниям — принимать платежи самыми разными способами: из электронных кошельков, через интернет-банкинг, наличными, по QR-кодам и не только.

Для пользователей у нас есть электронный кошелек и мобильное приложение ЮMoney, в котором можно оплачивать большой набор услуг разными удобными способами. Наши пользователи в числе первых смогли опробовать Apple Pay и Samsung Pay. Кошелек ЮMoney есть у 60 миллионов пользователей.


Бизнесу мы предлагаем ЮKassa — самый популярный в России платежный сервис, к которому подключены уже более 120 тысяч интернет-магазинов, онлайн-сервисов и других сайтов. Каждую секунду через ЮKassa проходит до 1200 платежей. Сервис используют компании из самых разных сфер — от интернет-торговли до ЖКХ.


Финансовый сектор — это не обязательно голубые воротнички и очереди в кассу. В ЮMoney мы сделали удобную и мгновенную оплату, красивый и понятный интерфейс, поставили новые технологии на службу пользователям и бизнесу.


Обо всем этом мы рассказываем на Хабре. А еще о технологиях машинного обучения, выпуске собственных банковских карт, бесконтактных платежах, мобильных интерфейсах и подкапотном устройстве ЮMoney.",ЮMoney
61,10000,http://alfabank.ru/,458,1990-01-01,"Альфа-Банк основан в 1990 году. Альфа-Банк является универсальным банком, осуществляющим все основные виды банковских операций, представленных на рынке финансовых услуг, включая обслуживание частных и корпоративных клиентов, инвестиционный банковский бизнес, торговое финансирование и лизинг.


Головной офис Альфа-Банка располагается в Москве, всего в регионах России и за рубежом открыто 465 отделений и филиалов банка, в том числе дочерний банк в Нидерландах и финансовые дочерние компании в США, Великобритании и на Кипре. В Альфа-Банке работает около 18 тысяч сотрудников.


Альфа-Банк является крупнейшим российским частным банком России по величине активов, собственного капитала, кредитному портфелю и счетам клиентов. По состоянию на 1 января 2012 года в Альфа-Банке обслуживается около 56 тыс. корпоративных клиентов и 6,3 млн физических лиц.


Ведущие международные рейтинговые агентства присваивают Альфа-Банку одни из самых высоких рейтингов среди российских частных банков. В декабре 2011 года агентство Standard & Poor’s повысило кредитный рейтинг Альфа-Банка с «BB-» до «ВВ», прогноз был повышен со стабильного до позитивного в июле 2012 года. В июле 2012 года агентство Fitch Ratings повысило кредитный рейтинг банка до «ВВB-», прогноз стабильный. В марте 2012 года агентство Moody’s подтвердило кредитный рейтинг банка на уровне «Ва1», прогноз стабильный.",Альфа-Банк
62,1,http://lamptest.ru,164,2015-06-24,"Мы с вами являемся свидетелями настоящей революции освещения. Светодиоды заменяют лампы других типов во всех сферах. У светодиодов много преимуществ — при том же световом потоке они потребляют в 6-10 раз меньше электричества, выделяют гораздо меньше тепла и более долговечны.


Наша задача — протестировать лампы, точно измерить их параметры и выявить недостатки. На основе наших тестов можно выбрать светодиодные лампы, которые ничем не будут уступать обычным лампам накаливания.


Надеемся, что наш проект поможет вам сделать правильный выбор и не ошибиться при покупке ламп.",LampTest
63,1000,https://skillbox.ru/,325,2016-06-07,"Образовательная платформа Skillbox — один из лидеров в сфере дистанционного образования, нацеленный изменить мир образования в России и СНГ. Мы фокусируемся на новых и востребованных профессиях с помощью технологий и инновационных методологий обучения.


В Skillbox каждый найдет для себя профессию будущего, среди которых: UX-дизайнер, менеджер проектов, интернет-маркетолог, программист, motion-дизайнер, PR-менеджер и многое другое. Наши курсы включают в себя проверку домашних заданий, обратную связь от преподавателей, неограниченный доступ к урокам, дипломные проекты от реальных заказчиков, гарантию стажировки и помощь в трудоустройстве.",Skillbox
64,5000,http://dins.ru/,54,1998-01-01,"Мы участвуем в разработке и поддержке UCaaS-платформы американской компании RingCentral. Она содержит большой набор функций: облачную телефонию, видеоконференции, факс, контактный центр, корпоративный чат и многое другое. Более 400 тыс. компаний в США, Канаде и Великобритании доверяют решению, над созданием которого мы трудимся каждый день. 


Мы работаем в Санкт‑Петербурге с 1998 года, сейчас штат компании составляет 1200+ сотрудников.


В нашем блоге вы найдете кейсы из практики наших инженеров, интересные материалы и анонсы мероприятий. 


Несколько раз в месяц организуем открытые митапы DINS IT EVENING — присоединяйтесь! 

Ключевые технологии:  
Языки разработки: Java, JavaScript, C++, Scala, Erlang, Python, Go 
БД: RocksDB, MongoDB, Cassandra, Oracle, Vertica, Neo4J, Hadoop
Оркестрация: VMWare, Kubernetes, DDC, Marathon, Terraform, CloudFoundry
Облака: Amazon AWS, Google GCP 
Мониторинг: Zabbix, Influx, Elasticsearch 
Контроль версий: Git, Mercurial 
Непрерывная интеграция: Jenkins, GitLab 
Гриды, очереди: GridGain, Coherence, Rabbit, Kafka, ZeroMQ",DINS
65,5000,https://engineering.wrike.tech,292,2006-01-01,"Wrike — это американская продуктовая компания, которая делает SaaS-платформу для управления проектами и совместной работы над ними. Мы помогаем тысячам команд быть более продуктивными, выполнять планы в срок и организовывать совместный рабочий процесс. У нас 9 офисов по всему миру, среди которых RnD-офисы в Праге и Санкт-Петербурге.


В блоге мы рассказываем про наши процессы и технологии, делимся полезными материалами с митапов Wrike TechClub. В Wrike мы решаем сложные технологические задачи и готовы помогать советом, слушать критику, дискутировать и совершенствоваться. В нашей команде более 1000 человек, каждый искренне любит то, что он делает, и готов об этом рассказывать.


Немного о стеке и рабочих процессах:

— Полнофункциональные скрам-команды по 8-10 человек

— CI/CD, релизы 1-3 раза в день

— FE: Dart, AngularDart – в продуктовой разработке, TypeScript, Angular – в разработке сайта и маркетинговой инфраструктуры

— BE: Java 11, Spring, MyBatis, PostgreSQL, RabbitMQ, Redis

— QA: Selenium WebDriver, Java, Allure, Retrofit

— Data Engineering: Python, Apache AirFlow, Google BigQuery, PostgreSQL, Kotlin, Google Dataflow, Kafka Streams

— DevOps: GCP, k8s, Ansible, Terraform, Python3, Asyncio, PostgreSQL, RabbitMQ, TypeScript, Angular


Узнать про Wrike больше:

— Сайт

— Группы в Контакте, Facebook

— Youtube-канал WrikeTechClub

— Твиттер WrikeTechClub

— Инстаграм
",Wrike
66,200,https://htmlacademy.ru,485,2012-02-22,"Курсы для каждого, кто хочет окунуться в мир вёрстки и программирования. Тренажёры помогут освоить веб-технологии и создать сайт, а профессиональные курсы подготовят к старту карьеры в IT.",HTML Academy
67,500,http://piter.com/,286,1991-09-05,"Издательство «Питер» — с 1991 года лидер рынка non-fiction литературы. Книги признанных мастеров программирования, фотоискусства, дизайна и других направлений помогут освоить полный набор инструментов для работы над любыми проектами: от написания простейших скриптов до создания серьезных приложений.",Издательский дом «Питер»
68,10000,https://career.luxoft.com/,29,2000-04-01,"Luxoft, a DXC Technology Company – это ведущая глобальная компания, оказывающая услуги по формированию digital стратегии и разработке программного обеспечения, с клиентской базой по всему миру, состоящей главным образом из крупных транснациональных корпораций. Luxoft создаёт для своих клиентов уникальные технологические решения, эффективно способствующие внедрению инноваций.


Являясь частью компании DXC Technology (NYSE: DXC), Luxoft оказывает стратегические, консалтинговые и инжиниринговые услуги для трансформации бизнеса своих клиентов и увеличения операционной эффективности c использованием новейших технологий. Luxoft сочетает высокий профессионализм в области разработки ПО и обширную отраслевую экспертизу в таких индустриях как автомобилестроение, финансовые услуги, путешествия и гостиничный бизнес, здравоохранение, биотехнологии, медиа и телекоммуникации.


Вместе DXC Technology и Luxoft предлагают своим клиентам уникальный набор услуг по digital трансформации, комбинируя digital экспертизу Luxoft в области front end и экспертизу DXC Technology в IT-модернизации и интеграции. Более подробная информация доступна на нашем сайте: www.luxoft.com.",Luxoft
69,5000,http://plrx.me/TDqxiyZJnL,633,1900-01-01,"Playrix — крупнейшая игровая компания в СНГ. Мы входим в ТОП-5 самых успешных мобильных издателей мира. Наши проекты — Township, Fishdom, Gardenscapes и Homescapes. Ежедневно в них играют более 25 миллионов людей.


Наш успех — результат усилий выдающейся команды. Более 2000 профессионалов по всему миру решают уникальные задачи и задают новые стандарты качества для всей индустрии. В Playrix можно работать где угодно: в одном из офисов компании или удаленно в любой точке планеты. 


Мы верим, что люди важнее процессов, а креативность и талант полностью раскрываются только в условиях свободы. Подробнее узнать о том, как мы работаем и почему считаем культуру главной инвестицией в будущее компании, можно в Культурном Коде Playrix.",Playrix
70,0,https://belayaraduga.ru,227,1900-01-01,"Клиника семейной профилактической стоматологии. Мы искренне рады менять жизнь людей, даря им возможность свободно улыбаться и чувствовать себя здоровыми. Наш ключевой принцип — относиться к пациенту так, словно лечишь близкого человека. 


Мы заинтересованы в высоком качестве вашей жизни, а также в том, чтобы лечение прошло максимально комфортно и быстро. Для этого мы используем современное оборудование и приглашаем на работу квалифицированных врачей, которые окружат вас заботой, предложат оптимальное лечение и ответят на все ваши вопросы. 


Мы следуем современным протоколам лечения. Это научно обоснованные и подтвержденные практикой руководства к действию. Они гарантируют достижение результата и безопасность лечения, поэтому мы даем пятилетнюю юридическую гарантию на свои услуги.


Адреса наших клиник: 

г. Москва, Котельническая наб., 25с1;

г. Москва, ул. Нижняя Красносельская, 35с50.

г. Москва, ул. Архитектора Щусева, 2/3.



Welcome@belayaraduga.ru


tel: +7 (499) 7035225",Белая Радуга
71,1000,https://sberdevices.ru/,714,2019-01-01,"SberDevices — компания экосистемы Сбера, центр экспертизы по решениям на основе искусственного интеллекта в таких областях применения, как речевые технологии, технологии понимания естественного языка, лицевая и голосовая биометрия. Компания также фокусируется на создании умных устройств для конечных потребителей и корпоративных клиентов. SberDevices учреждена в 2019 году в качестве департамента блока «Технологии».",SberDevices
72,30,https://gms.tech/,772,1900-01-01,"g-mate — это телеграм-бот с персональными карьерными рекомендациями для IT-специалистов. Ищем match для кандидатов и компаний: @g_jobbot 


Для компаний — 40 000+ инженеров уровня middle+, которые открыты к предложениям


Для специалистов — предложения от Flo, Exness, InDriver, Skyeng, Playrix, Yandex, VOIR, Ситимобил и других IT-гигантов (60% — remote-позиции)


Для всех — человеческий подход экспертов gms и максимум конкретной информации


Присоединяйтесь: gms.tech",gms & g-mate
73,500,http://dtln.ru/,647,2007-10-02,"DataLine — провайдер облачных сервисов на базе собственных дата-центров TIER III.

Компания входит в группу компаний «Ростелеком — Центры Обработки Данных».

Сеть DataLine включает 8 дата-центров на 4811 стоек общей мощностью 48 200 кВА.
",DataLine
74,200,http://www.audiomania.ru,157,1997-07-14,"Компания Аудиомания известна не только тем, что является поставщиком качественных домашних аудио и видеорешений для увлечённых людей, но и своими разработками в различных сферах. Например, веб-разработки и ноу-хау в электронной коммерции.


Аудиомания рада поделиться своим опытом с хабравчанами, например, по автоматизации склада, которая была выполнена совершенно без применения промышленных решений. В качестве складских терминалов используются планшеты на андроиде с подключёнными к ним портативными сканерами.


Аудиомания вообще известна тем, что старается разрабатывать все программные решения самостоятельно. Например, у Аудиомании есть собственная система веб-аналитики, превосходящая по возможностям персонализации Google Analytics и Яндекс.Метрику. Кстати, запущена эта система была в 2005 году, когда перечисленных систем еще не было на рынке.


Многие решения Аудиомании не имеют аналогов в мире.",Аудиомания
75,10000,http://www.intel.ru/,405,1968-07-18,"Intel — технологическая компания из Калифорнии, основанная несколькими инженерами в 1968 году. Сейчас в компании работают десятки тысяч сотрудников во многих странах мира.


Intel известна как крупнейший производитель микропроцессоров, однако, будучи крупной инженерной компанией, выросшей из небольшого стартапа, продолжает многолетний опыт инноваций, в последние годы активно расширяя сферы своих интересов: здравоохранение и телекоммуникации, мобильные устройства и пользовательские интерфейсы, операционные системы и дополненная реальность.


Своим опытом инноваций Intel охотно делится с молодыми умами — и в России, и во всем мире работает множество образовательных программ для школьников, студентов и молодых ученых. Инвестиционный фонд Intel Capital — один из крупнейших технологических венчурных фондов на планете.


В России Intel работает с 1991 года; офис в Нижнем Новгороде является важной частью подразделения Intel Software & Services Group, разрабатывая программное обеспечение мирового класса.

Если явно не указано иное, то приводимые в данном блоге точки зрения авторов постов и комментаторов не обязаны являться официальным выражением взглядов компании Intel.",Intel
76,50,http://www.vasexperts.ru,567,2013-01-11,"VAS Experts — динамично развивающаяся компания, специализирующаяся на создании и внедрении инновационных сервисов в области контроля и анализа трафика. Разработчик платформы глубокого анализа трафика, предназначенной для инспекции и классификации пакетов с последующей обработкой согласно задаче, стоящей перед компанией (лидер в России и Восточной Европе — 800+ внедрений).",VAS Experts
77,100,http://qrator.net,248,2008-01-01,"Qrator Labs основана в 2008 году сотрудниками МГУ. 

Компания предоставляет услуги противодействия DDoS-атакам и является признанным экспертом в этой области. 

Команда Qrator Labs занимается исследовательской деятельностью в области защиты от DDoS и 

постоянно совершенствует алгоритмы, технологии и приемы противодействия DDoS-атакам.

Также компания активно развивает проект моделирования и анализа взаимодействия AS на глобальном сетевом уровне в интернете radar.qrator.net

Алгоритмы и технологии, которые используются для нейтрализации атак на интернет-сервисы клиентов, являются know-how компании.

На сегодняшний день Qrator Labs – один из лидеров рынка услуг защиты от DDoS. Клиентами компании являются многие крупные компании из различных отраслей: ведущие банки (банк «Тинькофф Кредитные Системы», ЮниКредит Банк, МДМ банк, Рокет банк, ОТП банк, банк Интеза, банк Национальный Расчётный Депозитарий) и платёжные системы (Qiwi, Cyberplat, Элекснет), сайты электронной коммерции (Lamoda, Юлмарт, Эльдорадо, ОЗОН, Wildberries, Ситилинк), СМИ (МИА «Россия Сегодня», ИТАР-ТАСС, радиостанция «Эхо Москвы», Регнум, телеканалы «Звезда», ТНТ, «Дождь», НТВ-Плюс) и многие другие",Qrator Labs
78,30,https://typeable.io,82,2014-01-01,"Мы выстраиваем путь к инновации и развитию с помощью поддерживаемого и стойкого программного обеспечения. В Typeable мы верим, что применяя методологии digital transformation, computer science и open source software, можно добиться стратегического развития.",Typeable
79,200,http://www.agima.ru/,598,2005-01-01,"AGIMA — компания, специализирующаяся на разработке и развитии интернет-проектов для бизнеса. В нашем штате более 60 специалистов, ежедневно решающих задачи, связанные с веб-аналитикой, дизайном, разработкой сложных комплексных IT-решений, 3D моделированием, мультимедиа, поддержкой и развитием веб-ресурсов, SEO, SMM и контекстной рекламой.


Мы первые внедрили и тщательно продвигали на российском рынке адаптивный веб-дизайн. Это инновационная технология разработки сайта с использованием Java Script и media queries из CSS, которая позволяет ресурсу адаптироваться под любые устройства от мобильных телефонов и PDA до мониторов с высоким разрешением экрана.


В числе наших клиентов: Raiffaizen Bank, РОСНО Allianz, INTOUCH, МУЗ-ТВ, АльфаСтрахование, СК МАКС, СК ВСК, группа «CreditEurope», S7 Airlines и многие другие. AGIMA имеет уникальный опыт разработки решений для организаций финансового сектора, среди которых целый ряд проектов для РОСНО Allianz, в том чиле и страховой интернет-магазин eshop.rosno.ru, основной сайт страхового дома ВСК, десятки интерактивных-решений для АльфаСтрахование.


Наш канал на Vimeo — vimeo.com/agima",Агентство AGIMA
80,5000,https://qiwi.com/,403,1900-01-01,"QIWI — крупнейшая российская финансовая компания в сфере IT. Мы разрабатываем платформу электронных платежей #1 в России и странах СНГ, карточные сервисы и эквайринг 


Наша главная цель — делать жизнь людей и бизнеса проще, предлагая новые продукты и решения.


Сейчас у нас почти 22,5 миллион виртуальных кошельков и свыше 149 000 терминалов и точек приёма платежей.


Каждый месяц более 42 миллионов клиентов совершают платежи и переводы по физическим, мобильным и интернет-каналам платежной системы QIWI на сумму 124 миллиарда рублей. 


Больше двух тысяч сотрудников QIWI работают над тем, чтобы нашим клиентам было удобно и просто пользоваться сервисами компании. Мы используем свежий стек технологий и многое выкладываем в opensource.",QIWI
